fold,protocol,family,algorithm,preset,representation,candidate_id,valid_roc,valid_prc,valid_accuracy,valid_f1,valid_mcc
0,scaffold,traditional,svm,svm,ecfp_1024,svm__ecfp_1024,0.8780487804878049,0.6845832170144759,0.8418079096045198,0.6410256410256411,0.5410882956681948
0,scaffold,traditional,svm,svm,ecfp_2048,svm__ecfp_2048,0.87948350071736,0.6981677269100316,0.8305084745762712,0.6153846153846154,0.5081541043568913
0,scaffold,traditional,svm,svm,rdkit2d_normalized_200,svm__rdkit2d_normalized_200,0.8735652797704447,0.6469460764007336,0.847457627118644,0.6666666666666666,0.5678578763017665
0,scaffold,traditional,svm,svm,ecfp_1024_rdkit2d_normalized_200,svm__ecfp_1024_rdkit2d_normalized_200,0.8852223816355811,0.6953362189370489,0.8418079096045198,0.6410256410256411,0.5410882956681948
0,scaffold,traditional,svm,svm,ecfp_2048_rdkit2d_normalized_200,svm__ecfp_2048_rdkit2d_normalized_200,0.8861190817790531,0.7047951696380546,0.8305084745762712,0.6153846153846154,0.5081541043568913
0,scaffold,traditional,rf,rf,ecfp_1024,rf__ecfp_1024,0.8832496413199425,0.6729331659691024,0.8192090395480226,0.6,0.4835581741083584
0,scaffold,traditional,rf,rf,ecfp_2048,rf__ecfp_2048,0.8752690100430417,0.6769631648476103,0.8192090395480226,0.5897435897435898,0.4752199130455879
0,scaffold,traditional,rf,rf,rdkit2d_normalized_200,rf__rdkit2d_normalized_200,0.8742826398852224,0.6481278880792058,0.847457627118644,0.64,0.5481319394348294
0,scaffold,traditional,rf,rf,ecfp_1024_rdkit2d_normalized_200,rf__ecfp_1024_rdkit2d_normalized_200,0.8788558106169297,0.6803210305125262,0.8248587570621468,0.5866666666666667,0.4801436049709438
0,scaffold,traditional,rf,rf,ecfp_2048_rdkit2d_normalized_200,rf__ecfp_2048_rdkit2d_normalized_200,0.8738342898134863,0.645388153387636,0.8361581920903954,0.6133333333333333,0.5141377722028866
0,scaffold,traditional,xgb,xgb,ecfp_1024,xgb__ecfp_1024,0.85993543758967,0.6855018218783224,0.8305084745762712,0.625,0.5158684031824163
0,scaffold,traditional,xgb,xgb,ecfp_2048,xgb__ecfp_2048,0.8507890961262553,0.6598759121704522,0.8248587570621468,0.6075949367088608,0.49566893243221266
0,scaffold,traditional,xgb,xgb,rdkit2d_normalized_200,xgb__rdkit2d_normalized_200,0.8787661406025824,0.6730570971534149,0.847457627118644,0.6746987951807228,0.5751579188324957
0,scaffold,traditional,xgb,xgb,ecfp_1024_rdkit2d_normalized_200,xgb__ecfp_1024_rdkit2d_normalized_200,0.8888091822094691,0.6896590649327752,0.8587570621468926,0.6987951807228916,0.606636877284367
0,scaffold,traditional,xgb,xgb,ecfp_2048_rdkit2d_normalized_200,xgb__ecfp_2048_rdkit2d_normalized_200,0.8845050215208035,0.6969817344891625,0.8361581920903954,0.6419753086419753,0.5358378558795261
0,scaffold,traditional,lgbm,lgbm,ecfp_1024,lgbm__ecfp_1024,0.8728479196556671,0.6856968953660074,0.8361581920903954,0.6329113924050633,0.528283579659165
0,scaffold,traditional,lgbm,lgbm,ecfp_2048,lgbm__ecfp_2048,0.8602941176470589,0.6579525198329852,0.8305084745762712,0.6052631578947368,0.500732556323598
0,scaffold,traditional,lgbm,lgbm,rdkit2d_normalized_200,lgbm__rdkit2d_normalized_200,0.8637015781922527,0.697517473386543,0.847457627118644,0.6666666666666666,0.5678578763017665
0,scaffold,traditional,lgbm,lgbm,ecfp_1024_rdkit2d_normalized_200,lgbm__ecfp_1024_rdkit2d_normalized_200,0.8732065997130559,0.7203204208443061,0.8587570621468926,0.691358024691358,0.599877896724007
0,scaffold,traditional,lgbm,lgbm,ecfp_2048_rdkit2d_normalized_200,lgbm__ecfp_2048_rdkit2d_normalized_200,0.8782281205164992,0.7201496211505098,0.8587570621468926,0.691358024691358,0.599877896724007
0,scaffold,traditional,tabpfn,tabpfn,ecfp_1024,tabpfn__ecfp_1024,0.8728479196556671,0.6745014389656021,0.8248587570621468,0.6265060240963856,0.5122000019287531
0,scaffold,traditional,tabpfn,tabpfn,ecfp_2048,tabpfn__ecfp_2048,0.8515961262553802,0.6379869975160737,0.8192090395480226,0.5675675675675675,0.45924863450090286
0,scaffold,traditional,tabpfn,tabpfn,rdkit2d_normalized_200,tabpfn__rdkit2d_normalized_200,0.8787661406025825,0.6775096294449052,0.8361581920903954,0.6329113924050633,0.528283579659165
0,scaffold,traditional,tabpfn,tabpfn,ecfp_1024_rdkit2d_normalized_200,tabpfn__ecfp_1024_rdkit2d_normalized_200,0.8979555236728838,0.707929222788523,0.847457627118644,0.6746987951807228,0.5751579188324957
0,scaffold,traditional,tabpfn,tabpfn,ecfp_2048_rdkit2d_normalized_200,tabpfn__ecfp_2048_rdkit2d_normalized_200,0.87724175035868,0.6760618825752013,0.8135593220338984,0.56,0.446149437739001
0,scaffold,traditional,knn_k3,knn_k3,ecfp_1024,knn_k3__ecfp_1024,0.8237087517934002,0.5683050628589875,0.8248587570621468,0.6172839506172839,0.5038178354572858
0,scaffold,traditional,knn_k3,knn_k3,ecfp_2048,knn_k3__ecfp_2048,0.8272955523672884,0.5897459324329528,0.8248587570621468,0.6075949367088608,0.49566893243221266
0,scaffold,traditional,knn_k3,knn_k3,rdkit2d_normalized_200,knn_k3__rdkit2d_normalized_200,0.8401183644189383,0.5483552803885974,0.8305084745762712,0.6666666666666666,0.5581887984326697
0,scaffold,traditional,knn_k3,knn_k3,ecfp_1024_rdkit2d_normalized_200,knn_k3__ecfp_1024_rdkit2d_normalized_200,0.824067431850789,0.566665045695586,0.8248587570621468,0.6265060240963856,0.5122000019287531
0,scaffold,traditional,knn_k3,knn_k3,ecfp_2048_rdkit2d_normalized_200,knn_k3__ecfp_2048_rdkit2d_normalized_200,0.8093615494978479,0.5835137001025066,0.8135593220338984,0.5925925925925926,0.4717978150350453
0,scaffold,traditional,knn_k5,knn_k5,ecfp_1024,knn_k5__ecfp_1024,0.8127690100430416,0.5533284063591822,0.8135593220338984,0.5822784810126582,0.4630542852052604
0,scaffold,traditional,knn_k5,knn_k5,ecfp_2048,knn_k5__ecfp_2048,0.8114239598278336,0.5778924720348761,0.8192090395480226,0.5428571428571428,0.4443941165395072
0,scaffold,traditional,knn_k5,knn_k5,rdkit2d_normalized_200,knn_k5__rdkit2d_normalized_200,0.8433464849354375,0.592317756070115,0.8022598870056498,0.5977011494252874,0.4685477097451866
0,scaffold,traditional,knn_k5,knn_k5,ecfp_1024_rdkit2d_normalized_200,knn_k5__ecfp_1024_rdkit2d_normalized_200,0.81474175035868,0.5556655756166861,0.8022598870056498,0.5679012345679012,0.43977779461280486
0,scaffold,traditional,knn_k5,knn_k5,ecfp_2048_rdkit2d_normalized_200,knn_k5__ecfp_2048_rdkit2d_normalized_200,0.8077474892395984,0.5601717446138442,0.8192090395480226,0.5675675675675675,0.45924863450090286
0,scaffold,traditional,logreg_l1_c0_1,logreg_l1_c0_1,ecfp_1024,logreg_l1_c0_1__ecfp_1024,0.7975251076040172,0.5909202748684388,0.7570621468926554,0.5656565656565656,0.41556030179215886
0,scaffold,traditional,logreg_l1_c0_1,logreg_l1_c0_1,ecfp_2048,logreg_l1_c0_1__ecfp_2048,0.8090925394548062,0.5682149115747901,0.807909604519774,0.6304347826086957,0.5081915816641698
0,scaffold,traditional,logreg_l1_c0_1,logreg_l1_c0_1,rdkit2d_normalized_200,logreg_l1_c0_1__rdkit2d_normalized_200,0.7571736011477761,0.536335050162875,0.7457627118644068,0.5161290322580645,0.35147755974280787
0,scaffold,traditional,logreg_l1_c0_1,logreg_l1_c0_1,ecfp_1024_rdkit2d_normalized_200,logreg_l1_c0_1__ecfp_1024_rdkit2d_normalized_200,0.8072094691535151,0.6252155518479948,0.751412429378531,0.56,0.4071852852547315
0,scaffold,traditional,logreg_l1_c0_1,logreg_l1_c0_1,ecfp_2048_rdkit2d_normalized_200,logreg_l1_c0_1__ecfp_2048_rdkit2d_normalized_200,0.8063127690100431,0.571998002190235,0.7853107344632768,0.5681818181818182,0.427967161582898
0,scaffold,traditional,logreg_l1_c1,logreg_l1_c1,ecfp_1024,logreg_l1_c1__ecfp_1024,0.8003048780487805,0.6156726276773161,0.7796610169491526,0.5806451612903226,0.43967915909225536
0,scaffold,traditional,logreg_l1_c1,logreg_l1_c1,ecfp_2048,logreg_l1_c1__ecfp_2048,0.8273852223816356,0.6101685442749417,0.7966101694915254,0.625,0.49944603758250966
0,scaffold,traditional,logreg_l1_c1,logreg_l1_c1,rdkit2d_normalized_200,logreg_l1_c1__rdkit2d_normalized_200,0.7835365853658537,0.5221080695458611,0.7853107344632768,0.5957446808510638,0.459730213348919
0,scaffold,traditional,logreg_l1_c1,logreg_l1_c1,ecfp_1024_rdkit2d_normalized_200,logreg_l1_c1__ecfp_1024_rdkit2d_normalized_200,0.8077474892395983,0.6113207977187768,0.768361581920904,0.5684210526315789,0.42147959228874937
0,scaffold,traditional,logreg_l1_c1,logreg_l1_c1,ecfp_2048_rdkit2d_normalized_200,logreg_l1_c1__ecfp_2048_rdkit2d_normalized_200,0.8283715925394547,0.5994804553477937,0.8022598870056498,0.6236559139784946,0.4984802253252204
0,scaffold,traditional,logreg_l2_c0_1,logreg_l2_c0_1,ecfp_1024,logreg_l2_c0_1__ecfp_1024,0.819583931133429,0.6347484865734335,0.7740112994350282,0.5833333333333334,0.44157242144365255
0,scaffold,traditional,logreg_l2_c0_1,logreg_l2_c0_1,ecfp_2048,logreg_l2_c0_1__ecfp_2048,0.8473816355810618,0.618614226678125,0.8022598870056498,0.6391752577319587,0.5191331030455676
0,scaffold,traditional,logreg_l2_c0_1,logreg_l2_c0_1,rdkit2d_normalized_200,logreg_l2_c0_1__rdkit2d_normalized_200,0.7959110473457676,0.5873907234105413,0.7740112994350282,0.5652173913043478,0.4194835836813709
0,scaffold,traditional,logreg_l2_c0_1,logreg_l2_c0_1,ecfp_1024_rdkit2d_normalized_200,logreg_l2_c0_1__ecfp_1024_rdkit2d_normalized_200,0.8201219512195121,0.6344646150858197,0.7740112994350282,0.5833333333333334,0.44157242144365255
0,scaffold,traditional,logreg_l2_c0_1,logreg_l2_c0_1,ecfp_2048_rdkit2d_normalized_200,logreg_l2_c0_1__ecfp_2048_rdkit2d_normalized_200,0.8495337159253946,0.618613648464874,0.7909604519774012,0.6185567010309279,0.49033756583495475
0,scaffold,traditional,logreg_l2_c1,logreg_l2_c1,ecfp_1024,logreg_l2_c1__ecfp_1024,0.8197632711621234,0.6383688938703186,0.7796610169491526,0.6060606060606061,0.47262327573879354
0,scaffold,traditional,logreg_l2_c1,logreg_l2_c1,ecfp_2048,logreg_l2_c1__ecfp_2048,0.8473816355810617,0.6188910525003758,0.7909604519774012,0.6185567010309279,0.49033756583495475
0,scaffold,traditional,logreg_l2_c1,logreg_l2_c1,rdkit2d_normalized_200,logreg_l2_c1__rdkit2d_normalized_200,0.7812051649928264,0.5174101565716496,0.7966101694915254,0.6,0.46839835554634807
0,scaffold,traditional,logreg_l2_c1,logreg_l2_c1,ecfp_1024_rdkit2d_normalized_200,logreg_l2_c1__ecfp_1024_rdkit2d_normalized_200,0.8197632711621234,0.6368157805683429,0.7853107344632768,0.6122448979591837,0.48139932368295585
0,scaffold,traditional,logreg_l2_c1,logreg_l2_c1,ecfp_2048_rdkit2d_normalized_200,logreg_l2_c1__ecfp_2048_rdkit2d_normalized_200,0.8489956958393113,0.6187043343833951,0.807909604519774,0.6382978723404256,0.5182082929484582
0,scaffold,chemprop,chemprop,default,graph,chemprop_default,0.7005021520803444,0.3831682656926605,0.768361581920904,0.0,0.0
0,scaffold,chemprop,chemprop,morgan,morgan_binary,chemprop_morgan,0.8263988522238164,0.6561568486170932,0.8192090395480226,0.4074074074074074,0.4101043980088138
0,scaffold,chemprop,chemprop,morgan_rdkit2d,morgan_binary+v1_rdkit_2d_normalized,chemprop_morgan_rdkit2d,0.8237087517934003,0.6168900741425157,0.8192090395480226,0.5151515151515151,0.43101113185908924
1,scaffold,traditional,svm,svm,ecfp_1024,svm__ecfp_1024,0.8312410329985653,0.5980710253524165,0.7909604519774012,0.5316455696202531,0.3978249907513558
1,scaffold,traditional,svm,svm,ecfp_2048,svm__ecfp_2048,0.8246054519368723,0.5789859672506712,0.8022598870056498,0.5569620253164557,0.4304396379783081
1,scaffold,traditional,svm,svm,rdkit2d_normalized_200,svm__rdkit2d_normalized_200,0.8158177905308465,0.5433302991311901,0.7909604519774012,0.5747126436781609,0.43801275222497377
1,scaffold,traditional,svm,svm,ecfp_1024_rdkit2d_normalized_200,svm__ecfp_1024_rdkit2d_normalized_200,0.8213773314203731,0.5830518233521917,0.7966101694915254,0.55,0.41893771596024254
1,scaffold,traditional,svm,svm,ecfp_2048_rdkit2d_normalized_200,svm__ecfp_2048_rdkit2d_normalized_200,0.8299856527977044,0.590566823658578,0.807909604519774,0.575,0.45124794503430044
1,scaffold,traditional,rf,rf,ecfp_1024,rf__ecfp_1024,0.8601147776183644,0.6814402358225755,0.8022598870056498,0.5783132530120482,0.44924208502501056
1,scaffold,traditional,rf,rf,ecfp_2048,rf__ecfp_2048,0.8588593974175035,0.6790729572397486,0.807909604519774,0.575,0.45124794503430044
1,scaffold,traditional,rf,rf,rdkit2d_normalized_200,rf__rdkit2d_normalized_200,0.8008428981348638,0.7056216531992228,0.8587570621468926,0.6575342465753424,0.5772124347457465
1,scaffold,traditional,rf,rf,ecfp_1024_rdkit2d_normalized_200,rf__ecfp_1024_rdkit2d_normalized_200,0.8056850789096127,0.7296406536046005,0.8418079096045198,0.631578947368421,0.5343553417823526
1,scaffold,traditional,rf,rf,ecfp_2048_rdkit2d_normalized_200,rf__ecfp_2048_rdkit2d_normalized_200,0.8097202295552367,0.7240828867134819,0.864406779661017,0.6666666666666666,0.5925979943733031
1,scaffold,traditional,xgb,xgb,ecfp_1024,xgb__ecfp_1024,0.853299856527977,0.6714810518954495,0.8305084745762712,0.625,0.5158684031824163
1,scaffold,traditional,xgb,xgb,ecfp_2048,xgb__ecfp_2048,0.891857962697274,0.6887076298262306,0.8135593220338984,0.5925925925925926,0.4717978150350453
1,scaffold,traditional,xgb,xgb,rdkit2d_normalized_200,xgb__rdkit2d_normalized_200,0.7711621233859397,0.6291457649878802,0.8135593220338984,0.5822784810126582,0.4630542852052604
1,scaffold,traditional,xgb,xgb,ecfp_1024_rdkit2d_normalized_200,xgb__ecfp_1024_rdkit2d_normalized_200,0.7440817790530846,0.6550975588225479,0.8248587570621468,0.6075949367088608,0.49566893243221266
1,scaffold,traditional,xgb,xgb,ecfp_2048_rdkit2d_normalized_200,xgb__ecfp_2048_rdkit2d_normalized_200,0.7562769010043041,0.6474675391717911,0.8135593220338984,0.5822784810126582,0.4630542852052604
1,scaffold,traditional,lgbm,lgbm,ecfp_1024,lgbm__ecfp_1024,0.8511477761836442,0.7034874088667727,0.8192090395480226,0.6,0.4835581741083584
1,scaffold,traditional,lgbm,lgbm,ecfp_2048,lgbm__ecfp_2048,0.8893472022955523,0.7123342661035899,0.7909604519774012,0.5647058823529412,0.4278461815068631
1,scaffold,traditional,lgbm,lgbm,rdkit2d_normalized_200,lgbm__rdkit2d_normalized_200,0.7523314203730272,0.642290359099756,0.8305084745762712,0.6153846153846154,0.5081541043568913
1,scaffold,traditional,lgbm,lgbm,ecfp_1024_rdkit2d_normalized_200,lgbm__ecfp_1024_rdkit2d_normalized_200,0.7399569583931134,0.6640797913928236,0.8248587570621468,0.6075949367088608,0.49566893243221266
1,scaffold,traditional,lgbm,lgbm,ecfp_2048_rdkit2d_normalized_200,lgbm__ecfp_2048_rdkit2d_normalized_200,0.7510760401721666,0.6666132255898123,0.8192090395480226,0.6,0.4835581741083584
1,scaffold,traditional,tabpfn,tabpfn,ecfp_1024,tabpfn__ecfp_1024,0.8685437589670014,0.6834308787897616,0.8248587570621468,0.6075949367088608,0.49566893243221266
1,scaffold,traditional,tabpfn,tabpfn,ecfp_2048,tabpfn__ecfp_2048,0.8593974175035868,0.7011798150010922,0.807909604519774,0.5641025641025641,0.44228572173428443
1,scaffold,traditional,tabpfn,tabpfn,rdkit2d_normalized_200,tabpfn__rdkit2d_normalized_200,0.7790530846484935,0.6656235622608464,0.8192090395480226,0.6,0.4835581741083584
1,scaffold,traditional,tabpfn,tabpfn,ecfp_1024_rdkit2d_normalized_200,tabpfn__ecfp_1024_rdkit2d_normalized_200,0.8371592539454806,0.714709563569262,0.8361581920903954,0.6329113924050633,0.528283579659165
1,scaffold,traditional,tabpfn,tabpfn,ecfp_2048_rdkit2d_normalized_200,tabpfn__ecfp_2048_rdkit2d_normalized_200,0.8529411764705882,0.7116027488862898,0.8248587570621468,0.6172839506172839,0.5038178354572858
1,scaffold,traditional,knn_k3,knn_k3,ecfp_1024,knn_k3__ecfp_1024,0.7697274031563845,0.5835388389569577,0.7740112994350282,0.5348837209302325,0.38678582977966336
1,scaffold,traditional,knn_k3,knn_k3,ecfp_2048,knn_k3__ecfp_2048,0.781025824964132,0.580073978630621,0.7740112994350282,0.5238095238095238,0.3759546321890537
1,scaffold,traditional,knn_k3,knn_k3,rdkit2d_normalized_200,knn_k3__rdkit2d_normalized_200,0.7510760401721664,0.5480540595618808,0.8135593220338984,0.5714285714285714,0.45450022993252737
1,scaffold,traditional,knn_k3,knn_k3,ecfp_1024_rdkit2d_normalized_200,knn_k3__ecfp_1024_rdkit2d_normalized_200,0.7656922525107603,0.5638382773012122,0.7909604519774012,0.5432098765432098,0.40775777419056447
1,scaffold,traditional,knn_k3,knn_k3,ecfp_2048_rdkit2d_normalized_200,knn_k3__ecfp_2048_rdkit2d_normalized_200,0.759325681492109,0.5253248459555793,0.7796610169491526,0.5411764705882353,0.3968605947119716
1,scaffold,traditional,knn_k5,knn_k5,ecfp_1024,knn_k5__ecfp_1024,0.7942969870875178,0.5657422285654121,0.7627118644067796,0.4473684210526316,0.29899584357107106
1,scaffold,traditional,knn_k5,knn_k5,ecfp_2048,knn_k5__ecfp_2048,0.7826398852223815,0.5340327346062349,0.7909604519774012,0.5194805194805194,0.3879604940366983
1,scaffold,traditional,knn_k5,knn_k5,rdkit2d_normalized_200,knn_k5__rdkit2d_normalized_200,0.7613880918220947,0.6227687438045366,0.807909604519774,0.5405405405405406,0.42486326719690126
1,scaffold,traditional,knn_k5,knn_k5,ecfp_1024_rdkit2d_normalized_200,knn_k5__ecfp_1024_rdkit2d_normalized_200,0.731348637015782,0.5300087583815741,0.7796610169491526,0.4935064935064935,0.35469062608878377
1,scaffold,traditional,knn_k5,knn_k5,ecfp_2048_rdkit2d_normalized_200,knn_k5__ecfp_2048_rdkit2d_normalized_200,0.7431850789096126,0.520854147086255,0.7966101694915254,0.5609756097560976,0.428622668579627
1,scaffold,traditional,logreg_l1_c0_1,logreg_l1_c0_1,ecfp_1024,logreg_l1_c0_1__ecfp_1024,0.8360832137733142,0.6385882993230546,0.7740112994350282,0.5652173913043478,0.4194835836813709
1,scaffold,traditional,logreg_l1_c0_1,logreg_l1_c0_1,ecfp_2048,logreg_l1_c0_1__ecfp_2048,0.8036226685796269,0.6181019271402161,0.7796610169491526,0.5806451612903226,0.43967915909225536
1,scaffold,traditional,logreg_l1_c0_1,logreg_l1_c0_1,rdkit2d_normalized_200,logreg_l1_c0_1__rdkit2d_normalized_200,0.7110832137733142,0.3867688913634962,0.6610169491525424,0.4339622641509434,0.2206775981612948
1,scaffold,traditional,logreg_l1_c0_1,logreg_l1_c0_1,ecfp_1024_rdkit2d_normalized_200,logreg_l1_c0_1__ecfp_1024_rdkit2d_normalized_200,0.8425394548063128,0.6170423399828032,0.751412429378531,0.56,0.4071852852547315
1,scaffold,traditional,logreg_l1_c0_1,logreg_l1_c0_1,ecfp_2048_rdkit2d_normalized_200,logreg_l1_c0_1__ecfp_2048_rdkit2d_normalized_200,0.8130380200860833,0.5884162717920308,0.7909604519774012,0.5934065934065934,0.45862242934596487
1,scaffold,traditional,logreg_l1_c1,logreg_l1_c1,ecfp_1024,logreg_l1_c1__ecfp_1024,0.7930416068866571,0.6080848251554494,0.711864406779661,0.48484848484848486,0.30143435389888945
1,scaffold,traditional,logreg_l1_c1,logreg_l1_c1,ecfp_2048,logreg_l1_c1__ecfp_2048,0.8524031563845049,0.633140824327215,0.7853107344632768,0.5581395348837209,0.41754103726888186
1,scaffold,traditional,logreg_l1_c1,logreg_l1_c1,rdkit2d_normalized_200,logreg_l1_c1__rdkit2d_normalized_200,0.698170731707317,0.34842436084399947,0.672316384180791,0.46296296296296297,0.26175611126553333
1,scaffold,traditional,logreg_l1_c1,logreg_l1_c1,ecfp_1024_rdkit2d_normalized_200,logreg_l1_c1__ecfp_1024_rdkit2d_normalized_200,0.817790530846485,0.6298022053480608,0.711864406779661,0.48484848484848486,0.30143435389888945
1,scaffold,traditional,logreg_l1_c1,logreg_l1_c1,ecfp_2048_rdkit2d_normalized_200,logreg_l1_c1__ecfp_2048_rdkit2d_normalized_200,0.8428981348637016,0.6049599597288976,0.7966101694915254,0.5714285714285714,0.43840791224298375
1,scaffold,traditional,logreg_l2_c0_1,logreg_l2_c0_1,ecfp_1024,logreg_l2_c0_1__ecfp_1024,0.8059540889526542,0.6505633721978691,0.7457627118644068,0.5054945054945055,0.3396394026046885
1,scaffold,traditional,logreg_l2_c0_1,logreg_l2_c0_1,ecfp_2048,logreg_l2_c0_1__ecfp_2048,0.8168938307030129,0.6180679442558231,0.7966101694915254,0.5813953488372093,0.44829624475810037
1,scaffold,traditional,logreg_l2_c0_1,logreg_l2_c0_1,rdkit2d_normalized_200,logreg_l2_c0_1__rdkit2d_normalized_200,0.6924318507890962,0.36282769088548894,0.632768361581921,0.3925233644859813,0.1581817281293847
1,scaffold,traditional,logreg_l2_c0_1,logreg_l2_c0_1,ecfp_1024_rdkit2d_normalized_200,logreg_l2_c0_1__ecfp_1024_rdkit2d_normalized_200,0.8122309899569584,0.6391941823431445,0.7570621468926554,0.5168539325842697,0.3579005916299097
1,scaffold,traditional,logreg_l2_c0_1,logreg_l2_c0_1,ecfp_2048_rdkit2d_normalized_200,logreg_l2_c0_1__ecfp_2048_rdkit2d_normalized_200,0.8215566714490673,0.6104605214047518,0.7796610169491526,0.5617977528089888,0.41814634029229114
1,scaffold,traditional,logreg_l2_c1,logreg_l2_c1,ecfp_1024,logreg_l2_c1__ecfp_1024,0.8116929698708752,0.6352704375857668,0.751412429378531,0.5111111111111111,0.3486777650312526
1,scaffold,traditional,logreg_l2_c1,logreg_l2_c1,ecfp_2048,logreg_l2_c1__ecfp_2048,0.8177905308464849,0.6062160843343924,0.7853107344632768,0.5681818181818182,0.427967161582898
1,scaffold,traditional,logreg_l2_c1,logreg_l2_c1,rdkit2d_normalized_200,logreg_l2_c1__rdkit2d_normalized_200,0.6782639885222381,0.33402926896693713,0.6497175141242938,0.40384615384615385,0.1791962725203208
1,scaffold,traditional,logreg_l2_c1,logreg_l2_c1,ecfp_1024_rdkit2d_normalized_200,logreg_l2_c1__ecfp_1024_rdkit2d_normalized_200,0.8097202295552367,0.6207828361721401,0.768361581920904,0.5684210526315789,0.42147959228874937
1,scaffold,traditional,logreg_l2_c1,logreg_l2_c1,ecfp_2048_rdkit2d_normalized_200,logreg_l2_c1__ecfp_2048_rdkit2d_normalized_200,0.8219153515064562,0.601036403137892,0.7796610169491526,0.5617977528089888,0.41814634029229114
1,scaffold,chemprop,chemprop,default,graph,chemprop_default,0.49210903873744616,0.30323639111483225,0.768361581920904,0.0,0.0
1,scaffold,chemprop,chemprop,morgan,morgan_binary,chemprop_morgan,0.9062051649928264,0.7656948145747429,0.847457627118644,0.7216494845360825,0.6343152518880187
1,scaffold,chemprop,chemprop,morgan_rdkit2d,morgan_binary+v1_rdkit_2d_normalized,chemprop_morgan_rdkit2d,0.8906025824964131,0.7182094874122723,0.8361581920903954,0.7010309278350515,0.605519714677406
2,scaffold,traditional,svm,svm,ecfp_1024,svm__ecfp_1024,0.8020982783357246,0.6450644565393174,0.8135593220338984,0.42105263157894735,0.38733946083266646
2,scaffold,traditional,svm,svm,ecfp_2048,svm__ecfp_2048,0.7918758967001435,0.6376637493401462,0.8022598870056498,0.38596491228070173,0.34063708714916374
2,scaffold,traditional,svm,svm,rdkit2d_normalized_200,svm__rdkit2d_normalized_200,0.8331241032998566,0.6912250289085394,0.8587570621468926,0.6666666666666666,0.5821261066667723
2,scaffold,traditional,svm,svm,ecfp_1024_rdkit2d_normalized_200,svm__ecfp_1024_rdkit2d_normalized_200,0.817342180774749,0.6755178304015304,0.8135593220338984,0.42105263157894735,0.38733946083266646
2,scaffold,traditional,svm,svm,ecfp_2048_rdkit2d_normalized_200,svm__ecfp_2048_rdkit2d_normalized_200,0.8026362984218078,0.6554074365092762,0.8022598870056498,0.38596491228070173,0.34063708714916374
2,scaffold,traditional,rf,rf,ecfp_1024,rf__ecfp_1024,0.8419117647058824,0.7230045053712867,0.8418079096045198,0.5333333333333333,0.5017902550141113
2,scaffold,traditional,rf,rf,ecfp_2048,rf__ecfp_2048,0.8393113342898135,0.7197908911853043,0.8418079096045198,0.5333333333333333,0.5017902550141113
2,scaffold,traditional,rf,rf,rdkit2d_normalized_200,rf__rdkit2d_normalized_200,0.8486370157819226,0.7386556827089603,0.8305084745762712,0.4444444444444444,0.4614399556096342
2,scaffold,traditional,rf,rf,ecfp_1024_rdkit2d_normalized_200,rf__ecfp_1024_rdkit2d_normalized_200,0.8615494978479197,0.7670157445082104,0.8248587570621468,0.41509433962264153,0.4378940212677104
2,scaffold,traditional,rf,rf,ecfp_2048_rdkit2d_normalized_200,rf__ecfp_2048_rdkit2d_normalized_200,0.8649569583931134,0.7697708622732984,0.8418079096045198,0.5172413793103449,0.5027671026164832
2,scaffold,traditional,xgb,xgb,ecfp_1024,xgb__ecfp_1024,0.8618185078909611,0.7748190337949895,0.8813559322033898,0.676923076923077,0.6431026070789775
2,scaffold,traditional,xgb,xgb,ecfp_2048,xgb__ecfp_2048,0.8259505021520803,0.7157682236501602,0.847457627118644,0.5573770491803278,0.5231419597728955
2,scaffold,traditional,xgb,xgb,rdkit2d_normalized_200,xgb__rdkit2d_normalized_200,0.8675573888091822,0.7640463314996272,0.847457627118644,0.5423728813559322,0.5241800405449931
2,scaffold,traditional,xgb,xgb,ecfp_1024_rdkit2d_normalized_200,xgb__ecfp_1024_rdkit2d_normalized_200,0.8815459110473458,0.791687452568746,0.8700564971751412,0.6229508196721312,0.6077432634547617
2,scaffold,traditional,xgb,xgb,ecfp_2048_rdkit2d_normalized_200,xgb__ecfp_2048_rdkit2d_normalized_200,0.8781384505021521,0.7802502708849903,0.8587570621468926,0.5901639344262295,0.5654426116138286
2,scaffold,traditional,lgbm,lgbm,ecfp_1024,lgbm__ecfp_1024,0.8117826398852225,0.6760393538445648,0.847457627118644,0.5846153846153846,0.5257529560965248
2,scaffold,traditional,lgbm,lgbm,ecfp_2048,lgbm__ecfp_2048,0.7734038737446198,0.6234567397178827,0.8248587570621468,0.5373134328358209,0.453105496742009
2,scaffold,traditional,lgbm,lgbm,rdkit2d_normalized_200,lgbm__rdkit2d_normalized_200,0.8467539454806312,0.7068228657828397,0.8418079096045198,0.5625,0.5047119790778328
2,scaffold,traditional,lgbm,lgbm,ecfp_1024_rdkit2d_normalized_200,lgbm__ecfp_1024_rdkit2d_normalized_200,0.8512374461979915,0.732819305988691,0.8531073446327684,0.5806451612903226,0.5439883865078653
2,scaffold,traditional,lgbm,lgbm,ecfp_2048_rdkit2d_normalized_200,lgbm__ecfp_2048_rdkit2d_normalized_200,0.8302546628407461,0.6903818015832872,0.8587570621468926,0.5901639344262295,0.5654426116138286
2,scaffold,traditional,tabpfn,tabpfn,ecfp_1024,tabpfn__ecfp_1024,0.8539275466284074,0.7488205481624712,0.8700564971751412,0.6567164179104478,0.6044256343332083
2,scaffold,traditional,tabpfn,tabpfn,ecfp_2048,tabpfn__ecfp_2048,0.8087338593974176,0.6765711179325719,0.8192090395480226,0.4074074074074074,0.4101043980088138
2,scaffold,traditional,tabpfn,tabpfn,rdkit2d_normalized_200,tabpfn__rdkit2d_normalized_200,0.8433464849354376,0.7096477682096289,0.8248587570621468,0.45614035087719296,0.4340418345161692
2,scaffold,traditional,tabpfn,tabpfn,ecfp_1024_rdkit2d_normalized_200,tabpfn__ecfp_1024_rdkit2d_normalized_200,0.8376972740315638,0.748506725242299,0.8700564971751412,0.6349206349206349,0.6049733157745912
2,scaffold,traditional,tabpfn,tabpfn,ecfp_2048_rdkit2d_normalized_200,tabpfn__ecfp_2048_rdkit2d_normalized_200,0.860742467718795,0.7749529292822661,0.8587570621468926,0.576271186440678,0.5684875224821773
2,scaffold,traditional,knn_k3,knn_k3,ecfp_1024,knn_k3__ecfp_1024,0.750448350071736,0.5612048379670453,0.8361581920903954,0.5797101449275363,0.49593829303019754
2,scaffold,traditional,knn_k3,knn_k3,ecfp_2048,knn_k3__ecfp_2048,0.7346664275466284,0.5232860721021269,0.847457627118644,0.5846153846153846,0.5257529560965248
2,scaffold,traditional,knn_k3,knn_k3,rdkit2d_normalized_200,knn_k3__rdkit2d_normalized_200,0.7916965566714491,0.5474099904131521,0.8135593220338984,0.49230769230769234,0.4084033051140723
2,scaffold,traditional,knn_k3,knn_k3,ecfp_1024_rdkit2d_normalized_200,knn_k3__ecfp_1024_rdkit2d_normalized_200,0.7412123385939742,0.5779031498893887,0.847457627118644,0.5970149253731343,0.5287655655376087
2,scaffold,traditional,knn_k3,knn_k3,ecfp_2048_rdkit2d_normalized_200,knn_k3__ecfp_2048_rdkit2d_normalized_200,0.7396879483500718,0.5491467458642765,0.847457627118644,0.5970149253731343,0.5287655655376087
2,scaffold,traditional,knn_k5,knn_k5,ecfp_1024,knn_k5__ecfp_1024,0.7685616929698709,0.6265683602896609,0.8305084745762712,0.53125,0.46488406097851215
2,scaffold,traditional,knn_k5,knn_k5,ecfp_2048,knn_k5__ecfp_2048,0.7851506456241033,0.5884906605112434,0.8022598870056498,0.4067796610169492,0.34695011279625615
2,scaffold,traditional,knn_k5,knn_k5,rdkit2d_normalized_200,knn_k5__rdkit2d_normalized_200,0.7890064562410328,0.5304780285101418,0.7853107344632768,0.42424242424242425,0.31565482590285115
2,scaffold,traditional,knn_k5,knn_k5,ecfp_1024_rdkit2d_normalized_200,knn_k5__ecfp_1024_rdkit2d_normalized_200,0.771341463414634,0.651096224544728,0.8305084745762712,0.53125,0.46488406097851215
2,scaffold,traditional,knn_k5,knn_k5,ecfp_2048_rdkit2d_normalized_200,knn_k5__ecfp_2048_rdkit2d_normalized_200,0.822722381635581,0.658032981521278,0.8361581920903954,0.5538461538461539,0.48663640576904066
2,scaffold,traditional,logreg_l1_c0_1,logreg_l1_c0_1,ecfp_1024,logreg_l1_c0_1__ecfp_1024,0.7578012912482066,0.628334782220866,0.7966101694915254,0.5714285714285714,0.43840791224298375
2,scaffold,traditional,logreg_l1_c0_1,logreg_l1_c0_1,ecfp_2048,logreg_l1_c0_1__ecfp_2048,0.771341463414634,0.5814724720431201,0.8418079096045198,0.6410256410256411,0.5410882956681948
2,scaffold,traditional,logreg_l1_c0_1,logreg_l1_c0_1,rdkit2d_normalized_200,logreg_l1_c0_1__rdkit2d_normalized_200,0.7332317073170731,0.46804974075969963,0.6779661016949152,0.47706422018348627,0.28216828259163734
2,scaffold,traditional,logreg_l1_c0_1,logreg_l1_c0_1,ecfp_1024_rdkit2d_normalized_200,logreg_l1_c0_1__ecfp_1024_rdkit2d_normalized_200,0.7626434720229555,0.6410923142498856,0.7457627118644068,0.5454545454545454,0.3870288148188415
2,scaffold,traditional,logreg_l1_c0_1,logreg_l1_c0_1,ecfp_2048_rdkit2d_normalized_200,logreg_l1_c0_1__ecfp_2048_rdkit2d_normalized_200,0.7746592539454805,0.592234753438909,0.8361581920903954,0.6419753086419753,0.5358378558795261
2,scaffold,traditional,logreg_l1_c1,logreg_l1_c1,ecfp_1024,logreg_l1_c1__ecfp_1024,0.7533177905308465,0.5996332317490721,0.7457627118644068,0.4943820224719101,0.3277777172987191
2,scaffold,traditional,logreg_l1_c1,logreg_l1_c1,ecfp_2048,logreg_l1_c1__ecfp_2048,0.7942969870875181,0.633462000982507,0.8531073446327684,0.6666666666666666,0.5740224869794983
2,scaffold,traditional,logreg_l1_c1,logreg_l1_c1,rdkit2d_normalized_200,logreg_l1_c1__rdkit2d_normalized_200,0.6584469153515065,0.3254922583521842,0.6666666666666666,0.4158415841584158,0.20091175118986293
2,scaffold,traditional,logreg_l1_c1,logreg_l1_c1,ecfp_1024_rdkit2d_normalized_200,logreg_l1_c1__ecfp_1024_rdkit2d_normalized_200,0.7689203730272597,0.6004647768005893,0.7344632768361582,0.47191011235955055,0.29765484296752837
2,scaffold,traditional,logreg_l1_c1,logreg_l1_c1,ecfp_2048_rdkit2d_normalized_200,logreg_l1_c1__ecfp_2048_rdkit2d_normalized_200,0.7847022955523673,0.5610500314986068,0.7796610169491526,0.5714285714285714,0.4288766726606458
2,scaffold,traditional,logreg_l2_c0_1,logreg_l2_c0_1,ecfp_1024,logreg_l2_c0_1__ecfp_1024,0.7936692969870875,0.6273675580891388,0.8022598870056498,0.5333333333333333,0.4121552705070582
2,scaffold,traditional,logreg_l2_c0_1,logreg_l2_c0_1,ecfp_2048,logreg_l2_c0_1__ecfp_2048,0.8487266857962698,0.7110161860728728,0.8587570621468926,0.6575342465753424,0.5772124347457465
2,scaffold,traditional,logreg_l2_c0_1,logreg_l2_c0_1,rdkit2d_normalized_200,logreg_l2_c0_1__rdkit2d_normalized_200,0.7178084648493545,0.43783342937226244,0.6949152542372882,0.49056603773584906,0.30402027570300716
2,scaffold,traditional,logreg_l2_c0_1,logreg_l2_c0_1,ecfp_1024_rdkit2d_normalized_200,logreg_l2_c0_1__ecfp_1024_rdkit2d_normalized_200,0.8137553802008608,0.6696483581681602,0.8248587570621468,0.6075949367088608,0.49566893243221266
2,scaffold,traditional,logreg_l2_c0_1,logreg_l2_c0_1,ecfp_2048_rdkit2d_normalized_200,logreg_l2_c0_1__ecfp_2048_rdkit2d_normalized_200,0.850161406025825,0.7312293982389895,0.8757062146892656,0.717948717948718,0.6398908696021053
2,scaffold,traditional,logreg_l2_c1,logreg_l2_c1,ecfp_1024,logreg_l2_c1__ecfp_1024,0.7938486370157819,0.6348832302789457,0.7909604519774012,0.5194805194805194,0.3879604940366983
2,scaffold,traditional,logreg_l2_c1,logreg_l2_c1,ecfp_2048,logreg_l2_c1__ecfp_2048,0.8374282639885222,0.7033039879585796,0.864406779661017,0.7,0.61279909040459
2,scaffold,traditional,logreg_l2_c1,logreg_l2_c1,rdkit2d_normalized_200,logreg_l2_c1__rdkit2d_normalized_200,0.6668758967001435,0.32650854681182545,0.655367231638418,0.4077669902912621,0.18635099636221714
2,scaffold,traditional,logreg_l2_c1,logreg_l2_c1,ecfp_1024_rdkit2d_normalized_200,logreg_l2_c1__ecfp_1024_rdkit2d_normalized_200,0.8065817790530847,0.6671189202848602,0.8248587570621468,0.6075949367088608,0.49566893243221266
2,scaffold,traditional,logreg_l2_c1,logreg_l2_c1,ecfp_2048_rdkit2d_normalized_200,logreg_l2_c1__ecfp_2048_rdkit2d_normalized_200,0.8358142037302726,0.7219809934183397,0.8531073446327684,0.6829268292682927,0.587338593974175
2,scaffold,chemprop,chemprop,default,graph,chemprop_default,0.6355810616929699,0.3826877722537146,0.768361581920904,0.0,0.0
2,scaffold,chemprop,chemprop,morgan,morgan_binary,chemprop_morgan,0.8344691535150645,0.7400820120038992,0.8757062146892656,0.7105263157894737,0.635223698158616
2,scaffold,chemprop,chemprop,morgan_rdkit2d,morgan_binary+v1_rdkit_2d_normalized,chemprop_morgan_rdkit2d,0.84487087517934,0.7623292166393718,0.8870056497175142,0.7222222222222222,0.6630648032440284
3,scaffold,traditional,svm,svm,ecfp_1024,svm__ecfp_1024,0.9340560072267389,0.8275808194352304,0.8636363636363636,0.6363636363636364,0.5843278654165338
3,scaffold,traditional,svm,svm,ecfp_2048,svm__ecfp_2048,0.9315266485998194,0.8520324679105259,0.8636363636363636,0.625,0.5839100800185985
3,scaffold,traditional,svm,svm,rdkit2d_normalized_200,svm__rdkit2d_normalized_200,0.9013550135501356,0.7980112186067078,0.8522727272727273,0.6829268292682927,0.5866305329719964
3,scaffold,traditional,svm,svm,ecfp_1024_rdkit2d_normalized_200,svm__ecfp_1024_rdkit2d_normalized_200,0.9282746160794941,0.8158732560633118,0.8579545454545454,0.6268656716417911,0.5660628223095936
3,scaffold,traditional,svm,svm,ecfp_2048_rdkit2d_normalized_200,svm__ecfp_2048_rdkit2d_normalized_200,0.9293586269196026,0.8428879046491418,0.8693181818181818,0.6461538461538462,0.6035363857113158
3,scaffold,traditional,rf,rf,ecfp_1024,rf__ecfp_1024,0.9588979223125564,0.9282243070864667,0.9204545454545454,0.8,0.7697310152745822
3,scaffold,traditional,rf,rf,ecfp_2048,rf__ecfp_2048,0.9544715447154472,0.9246573994417995,0.9204545454545454,0.8,0.7697310152745822
3,scaffold,traditional,rf,rf,rdkit2d_normalized_200,rf__rdkit2d_normalized_200,0.9359530261969287,0.8773175446899043,0.9090909090909091,0.7647058823529411,0.7351407058380977
3,scaffold,traditional,rf,rf,ecfp_1024_rdkit2d_normalized_200,rf__ecfp_1024_rdkit2d_normalized_200,0.948509485094851,0.90285603031945,0.9204545454545454,0.8,0.7697310152745822
3,scaffold,traditional,rf,rf,ecfp_2048_rdkit2d_normalized_200,rf__ecfp_2048_rdkit2d_normalized_200,0.9498644986449865,0.9042735970748983,0.9204545454545454,0.8,0.7697310152745822
3,scaffold,traditional,xgb,xgb,ecfp_1024,xgb__ecfp_1024,0.9338753387533875,0.8727778834177861,0.9034090909090909,0.7792207792207793,0.7202220732644867
3,scaffold,traditional,xgb,xgb,ecfp_2048,xgb__ecfp_2048,0.9261065943992773,0.8776529120650904,0.8920454545454546,0.7397260273972602,0.6811509940562401
3,scaffold,traditional,xgb,xgb,rdkit2d_normalized_200,xgb__rdkit2d_normalized_200,0.9291779584462511,0.8604721643089084,0.8863636363636364,0.7368421052631579,0.6683380612812416
3,scaffold,traditional,xgb,xgb,ecfp_1024_rdkit2d_normalized_200,xgb__ecfp_1024_rdkit2d_normalized_200,0.9362240289069558,0.8432815613755902,0.9090909090909091,0.7948717948717948,0.7382762643533493
3,scaffold,traditional,xgb,xgb,ecfp_2048_rdkit2d_normalized_200,xgb__ecfp_2048_rdkit2d_normalized_200,0.9394760614272809,0.8675761054436728,0.9090909090909091,0.7948717948717948,0.7382762643533493
3,scaffold,traditional,lgbm,lgbm,ecfp_1024,lgbm__ecfp_1024,0.9250225835591688,0.8733128167306107,0.9090909090909091,0.7948717948717948,0.7382762643533493
3,scaffold,traditional,lgbm,lgbm,ecfp_2048,lgbm__ecfp_2048,0.9084010840108402,0.8401806574203082,0.8977272727272727,0.7631578947368421,0.7020132684915189
3,scaffold,traditional,lgbm,lgbm,rdkit2d_normalized_200,lgbm__rdkit2d_normalized_200,0.9317073170731707,0.8543209665846583,0.8806818181818182,0.72,0.6495883814181168
3,scaffold,traditional,lgbm,lgbm,ecfp_1024_rdkit2d_normalized_200,lgbm__ecfp_1024_rdkit2d_normalized_200,0.934959349593496,0.8408341362124461,0.9034090909090909,0.7792207792207793,0.7202220732644867
3,scaffold,traditional,lgbm,lgbm,ecfp_2048_rdkit2d_normalized_200,lgbm__ecfp_2048_rdkit2d_normalized_200,0.9476061427280938,0.8860234367561421,0.8977272727272727,0.7631578947368421,0.7020132684915189
3,scaffold,traditional,tabpfn,tabpfn,ecfp_1024,tabpfn__ecfp_1024,0.9588075880758807,0.9203966807192928,0.9318181818181818,0.8285714285714286,0.805963339074616
3,scaffold,traditional,tabpfn,tabpfn,ecfp_2048,tabpfn__ecfp_2048,0.953929539295393,0.9051069708495358,0.9034090909090909,0.7536231884057971,0.7157677509493445
3,scaffold,traditional,tabpfn,tabpfn,rdkit2d_normalized_200,tabpfn__rdkit2d_normalized_200,0.9367660343270099,0.8809022787928235,0.9204545454545454,0.8055555555555556,0.7684491925785918
3,scaffold,traditional,tabpfn,tabpfn,ecfp_1024_rdkit2d_normalized_200,tabpfn__ecfp_1024_rdkit2d_normalized_200,0.9495934959349595,0.9081755305702321,0.9147727272727273,0.7887323943661971,0.7510537847221229
3,scaffold,traditional,tabpfn,tabpfn,ecfp_2048_rdkit2d_normalized_200,tabpfn__ecfp_2048_rdkit2d_normalized_200,0.9537488708220416,0.9087670195086365,0.9261363636363636,0.8169014084507042,0.7867989080620618
3,scaffold,traditional,knn_k3,knn_k3,ecfp_1024,knn_k3__ecfp_1024,0.9094850948509484,0.7567650238646253,0.875,0.7105263157894737,0.6346628540709643
3,scaffold,traditional,knn_k3,knn_k3,ecfp_2048,knn_k3__ecfp_2048,0.932249322493225,0.8421378204997134,0.9147727272727273,0.8,0.751727352647648
3,scaffold,traditional,knn_k3,knn_k3,rdkit2d_normalized_200,knn_k3__rdkit2d_normalized_200,0.8630532971996387,0.7844084738495913,0.8920454545454546,0.7466666666666667,0.6836347051612939
3,scaffold,traditional,knn_k3,knn_k3,ecfp_1024_rdkit2d_normalized_200,knn_k3__ecfp_1024_rdkit2d_normalized_200,0.9197831978319783,0.7955499726127291,0.8806818181818182,0.7341772151898734,0.658185904201534
3,scaffold,traditional,knn_k3,knn_k3,ecfp_2048_rdkit2d_normalized_200,knn_k3__ecfp_2048_rdkit2d_normalized_200,0.9362240289069558,0.8488085880026341,0.9204545454545454,0.8157894736842105,0.7693636829120735
3,scaffold,traditional,knn_k5,knn_k5,ecfp_1024,knn_k5__ecfp_1024,0.9415537488708221,0.881004521919756,0.9261363636363636,0.8266666666666667,0.7857736763908251
3,scaffold,traditional,knn_k5,knn_k5,ecfp_2048,knn_k5__ecfp_2048,0.9524841915085818,0.8826664575335232,0.9034090909090909,0.7671232876712328,0.7160005797986524
3,scaffold,traditional,knn_k5,knn_k5,rdkit2d_normalized_200,knn_k5__rdkit2d_normalized_200,0.9077687443541103,0.8364060072759134,0.8920454545454546,0.7323943661971831,0.6795635380422453
3,scaffold,traditional,knn_k5,knn_k5,ecfp_1024_rdkit2d_normalized_200,knn_k5__ecfp_1024_rdkit2d_normalized_200,0.939747064137308,0.8627243542959946,0.9090909090909091,0.7837837837837838,0.7339445718919065
3,scaffold,traditional,knn_k5,knn_k5,ecfp_2048_rdkit2d_normalized_200,knn_k5__ecfp_2048_rdkit2d_normalized_200,0.946070460704607,0.8733581430191939,0.8863636363636364,0.7142857142857143,0.6610340438744807
3,scaffold,traditional,logreg_l1_c0_1,logreg_l1_c0_1,ecfp_1024,logreg_l1_c0_1__ecfp_1024,0.9082204155374887,0.7714542733586356,0.8295454545454546,0.6739130434782609,0.5664820609331975
3,scaffold,traditional,logreg_l1_c0_1,logreg_l1_c0_1,ecfp_2048,logreg_l1_c0_1__ecfp_2048,0.9335140018066848,0.871520880174377,0.8977272727272727,0.7804878048780488,0.7138211382113822
3,scaffold,traditional,logreg_l1_c0_1,logreg_l1_c0_1,rdkit2d_normalized_200,logreg_l1_c0_1__rdkit2d_normalized_200,0.8426377597109302,0.5760520167156706,0.7670454545454546,0.6238532110091743,0.5012814386470358
3,scaffold,traditional,logreg_l1_c0_1,logreg_l1_c0_1,ecfp_1024_rdkit2d_normalized_200,logreg_l1_c0_1__ecfp_1024_rdkit2d_normalized_200,0.9033423667570009,0.7856642053683377,0.8125,0.6526315789473685,0.5368802186216826
3,scaffold,traditional,logreg_l1_c0_1,logreg_l1_c0_1,ecfp_2048_rdkit2d_normalized_200,logreg_l1_c0_1__ecfp_2048_rdkit2d_normalized_200,0.9252032520325203,0.8551928592481325,0.9034090909090909,0.7848101265822784,0.7235218992040551
3,scaffold,traditional,logreg_l1_c1,logreg_l1_c1,ecfp_1024,logreg_l1_c1__ecfp_1024,0.8572719060523939,0.7172250657246312,0.8238636363636364,0.651685393258427,0.537763891509221
3,scaffold,traditional,logreg_l1_c1,logreg_l1_c1,ecfp_2048,logreg_l1_c1__ecfp_2048,0.9107497741644083,0.8440947993097788,0.8977272727272727,0.775,0.7092481949264
3,scaffold,traditional,logreg_l1_c1,logreg_l1_c1,rdkit2d_normalized_200,logreg_l1_c1__rdkit2d_normalized_200,0.8269196025293586,0.5258062916042447,0.7727272727272727,0.5833333333333334,0.44041907073989983
3,scaffold,traditional,logreg_l1_c1,logreg_l1_c1,ecfp_1024_rdkit2d_normalized_200,logreg_l1_c1__ecfp_1024_rdkit2d_normalized_200,0.8760614272809394,0.7499588934779187,0.8522727272727273,0.6904761904761905,0.5938238204561166
3,scaffold,traditional,logreg_l1_c1,logreg_l1_c1,ecfp_2048_rdkit2d_normalized_200,logreg_l1_c1__ecfp_2048_rdkit2d_normalized_200,0.9064137308039747,0.8427398781296782,0.9034090909090909,0.7848101265822784,0.7235218992040551
3,scaffold,traditional,logreg_l2_c0_1,logreg_l2_c0_1,ecfp_1024,logreg_l2_c0_1__ecfp_1024,0.8654019873532068,0.7299079518066566,0.8579545454545454,0.6987951807228916,0.6059513345079732
3,scaffold,traditional,logreg_l2_c0_1,logreg_l2_c0_1,ecfp_2048,logreg_l2_c0_1__ecfp_2048,0.9114724480578138,0.8044400546776169,0.8636363636363636,0.7073170731707317,0.6184281842818428
3,scaffold,traditional,logreg_l2_c0_1,logreg_l2_c0_1,rdkit2d_normalized_200,logreg_l2_c0_1__rdkit2d_normalized_200,0.8457091237579042,0.5643603275083888,0.7784090909090909,0.6138613861386139,0.4827011979263783
3,scaffold,traditional,logreg_l2_c0_1,logreg_l2_c0_1,ecfp_1024_rdkit2d_normalized_200,logreg_l2_c0_1__ecfp_1024_rdkit2d_normalized_200,0.8789521228545618,0.7581527931881615,0.8295454545454546,0.6511627906976745,0.5397253385310948
3,scaffold,traditional,logreg_l2_c0_1,logreg_l2_c0_1,ecfp_2048_rdkit2d_normalized_200,logreg_l2_c0_1__ecfp_2048_rdkit2d_normalized_200,0.9140018066847335,0.8170360987661499,0.8409090909090909,0.6666666666666666,0.5625418712192783
3,scaffold,traditional,logreg_l2_c1,logreg_l2_c1,ecfp_1024,logreg_l2_c1__ecfp_1024,0.8413730803974707,0.7100131148099956,0.8352272727272727,0.6506024096385542,0.542883661608267
3,scaffold,traditional,logreg_l2_c1,logreg_l2_c1,ecfp_2048,logreg_l2_c1__ecfp_2048,0.9026196928635953,0.7937647508977399,0.8636363636363636,0.7,0.6121564015841291
3,scaffold,traditional,logreg_l2_c1,logreg_l2_c1,rdkit2d_normalized_200,logreg_l2_c1__rdkit2d_normalized_200,0.8113821138211382,0.5045596278633537,0.8011363636363636,0.6153846153846154,0.4873732651262273
3,scaffold,traditional,logreg_l2_c1,logreg_l2_c1,ecfp_1024_rdkit2d_normalized_200,logreg_l2_c1__ecfp_1024_rdkit2d_normalized_200,0.8579945799457994,0.7332804957214402,0.8295454545454546,0.6511627906976745,0.5397253385310948
3,scaffold,traditional,logreg_l2_c1,logreg_l2_c1,ecfp_2048_rdkit2d_normalized_200,logreg_l2_c1__ecfp_2048_rdkit2d_normalized_200,0.9031616982836495,0.8028869862191711,0.8579545454545454,0.691358024691358,0.5992024030717527
3,scaffold,chemprop,chemprop,default,graph,chemprop_default,0.6852755194218608,0.39488404423413814,0.7670454545454546,0.0,0.0
3,scaffold,chemprop,chemprop,morgan,morgan_binary,chemprop_morgan,0.9268292682926829,0.8596107953724563,0.9034090909090909,0.7792207792207793,0.7202220732644867
3,scaffold,chemprop,chemprop,morgan_rdkit2d,morgan_binary+v1_rdkit_2d_normalized,chemprop_morgan_rdkit2d,0.9210478771454381,0.851081632830025,0.9034090909090909,0.7792207792207793,0.7202220732644867
4,scaffold,traditional,svm,svm,ecfp_1024,svm__ecfp_1024,0.8052367288378766,0.6646780898226101,0.8305084745762712,0.5454545454545454,0.46946323384450195
4,scaffold,traditional,svm,svm,ecfp_2048,svm__ecfp_2048,0.8116929698708752,0.6541795599816188,0.8418079096045198,0.5757575757575758,0.5079153358299147
4,scaffold,traditional,svm,svm,rdkit2d_normalized_200,svm__rdkit2d_normalized_200,0.8498923959827833,0.7207397795145485,0.8418079096045198,0.5625,0.5047119790778328
4,scaffold,traditional,svm,svm,ecfp_1024_rdkit2d_normalized_200,svm__ecfp_1024_rdkit2d_normalized_200,0.8251434720229555,0.6887139939302622,0.8248587570621468,0.5373134328358209,0.453105496742009
4,scaffold,traditional,svm,svm,ecfp_2048_rdkit2d_normalized_200,svm__ecfp_2048_rdkit2d_normalized_200,0.8237087517934003,0.6778290878950007,0.8361581920903954,0.5671641791044776,0.4909355311398088
4,scaffold,traditional,rf,rf,ecfp_1024,rf__ecfp_1024,0.836441893830703,0.7038719091134166,0.8305084745762712,0.5588235294117647,0.474733851955904
4,scaffold,traditional,rf,rf,ecfp_2048,rf__ecfp_2048,0.8385939741750358,0.7092536559669044,0.8418079096045198,0.5882352941176471,0.5119802578939336
4,scaffold,traditional,rf,rf,rdkit2d_normalized_200,rf__rdkit2d_normalized_200,0.8663916786226685,0.7315611575329303,0.8418079096045198,0.5757575757575758,0.5079153358299147
4,scaffold,traditional,rf,rf,ecfp_1024_rdkit2d_normalized_200,rf__ecfp_1024_rdkit2d_normalized_200,0.8871951219512194,0.780405469615285,0.8587570621468926,0.576271186440678,0.5684875224821773
4,scaffold,traditional,rf,rf,ecfp_2048_rdkit2d_normalized_200,rf__ecfp_2048_rdkit2d_normalized_200,0.8913199426111909,0.778481327817529,0.8531073446327684,0.5666666666666667,0.5450522497230726
4,scaffold,traditional,xgb,xgb,ecfp_1024,xgb__ecfp_1024,0.831958393113343,0.6970482943928374,0.8361581920903954,0.6133333333333333,0.5141377722028866
4,scaffold,traditional,xgb,xgb,ecfp_2048,xgb__ecfp_2048,0.8321377331420373,0.6987193582349289,0.8305084745762712,0.6052631578947368,0.500732556323598
4,scaffold,traditional,xgb,xgb,rdkit2d_normalized_200,xgb__rdkit2d_normalized_200,0.850609756097561,0.6923217292980512,0.8248587570621468,0.5633802816901409,0.4658341279041603
4,scaffold,traditional,xgb,xgb,ecfp_1024_rdkit2d_normalized_200,xgb__ecfp_1024_rdkit2d_normalized_200,0.8800215208034433,0.7634334973930096,0.8418079096045198,0.6111111111111112,0.5221311855025778
4,scaffold,traditional,xgb,xgb,ecfp_2048_rdkit2d_normalized_200,xgb__ecfp_2048_rdkit2d_normalized_200,0.8671090387374462,0.7444514427043388,0.8700564971751412,0.684931506849315,0.6120103233526937
4,scaffold,traditional,lgbm,lgbm,ecfp_1024,lgbm__ecfp_1024,0.8428981348637017,0.7203788810205938,0.8587570621468926,0.6376811594202898,0.5693338430856699
4,scaffold,traditional,lgbm,lgbm,ecfp_2048,lgbm__ecfp_2048,0.8335724533715925,0.7123893233752727,0.8418079096045198,0.6111111111111112,0.5221311855025778
4,scaffold,traditional,lgbm,lgbm,rdkit2d_normalized_200,lgbm__rdkit2d_normalized_200,0.8615494978479197,0.7073699305034127,0.8305084745762712,0.5833333333333334,0.48689778106721504
4,scaffold,traditional,lgbm,lgbm,ecfp_1024_rdkit2d_normalized_200,lgbm__ecfp_1024_rdkit2d_normalized_200,0.8809182209469153,0.759273883204312,0.8587570621468926,0.6575342465753424,0.5772124347457465
4,scaffold,traditional,lgbm,lgbm,ecfp_2048_rdkit2d_normalized_200,lgbm__ecfp_2048_rdkit2d_normalized_200,0.8744619799139167,0.7450343558364143,0.8418079096045198,0.6111111111111112,0.5221311855025778
4,scaffold,traditional,tabpfn,tabpfn,ecfp_1024,tabpfn__ecfp_1024,0.8263988522238164,0.6941173864600197,0.847457627118644,0.5714285714285714,0.523790391671405
4,scaffold,traditional,tabpfn,tabpfn,ecfp_2048,tabpfn__ecfp_2048,0.8321377331420373,0.6807585454057147,0.8531073446327684,0.6176470588235294,0.5492266638319634
4,scaffold,traditional,tabpfn,tabpfn,rdkit2d_normalized_200,tabpfn__rdkit2d_normalized_200,0.8620875179340027,0.6938941943992555,0.847457627118644,0.6086956521739131,0.5326360680579337
4,scaffold,traditional,tabpfn,tabpfn,ecfp_1024_rdkit2d_normalized_200,tabpfn__ecfp_1024_rdkit2d_normalized_200,0.8650466284074606,0.7472337826135889,0.864406779661017,0.6571428571428571,0.5891186034346181
4,scaffold,traditional,tabpfn,tabpfn,ecfp_2048_rdkit2d_normalized_200,tabpfn__ecfp_2048_rdkit2d_normalized_200,0.8597560975609757,0.7382501756350246,0.8757062146892656,0.6666666666666666,0.6232716417861527
4,scaffold,traditional,knn_k3,knn_k3,ecfp_1024,knn_k3__ecfp_1024,0.7942969870875181,0.6170146675686711,0.8248587570621468,0.5230769230769231,0.4475198554415565
4,scaffold,traditional,knn_k3,knn_k3,ecfp_2048,knn_k3__ecfp_2048,0.76058106169297,0.5834713152411964,0.8418079096045198,0.5483870967741935,0.5025750770833955
4,scaffold,traditional,knn_k3,knn_k3,rdkit2d_normalized_200,knn_k3__rdkit2d_normalized_200,0.7717001434720229,0.5150620452102808,0.8192090395480226,0.5428571428571428,0.4443941165395072
4,scaffold,traditional,knn_k3,knn_k3,ecfp_1024_rdkit2d_normalized_200,knn_k3__ecfp_1024_rdkit2d_normalized_200,0.7774390243902438,0.5982901708980939,0.8305084745762712,0.5588235294117647,0.474733851955904
4,scaffold,traditional,knn_k3,knn_k3,ecfp_2048_rdkit2d_normalized_200,knn_k3__ecfp_2048_rdkit2d_normalized_200,0.7675753228120517,0.5730731748302853,0.8361581920903954,0.5538461538461539,0.48663640576904066
4,scaffold,traditional,knn_k5,knn_k5,ecfp_1024,knn_k5__ecfp_1024,0.7609397417503587,0.57851482072442,0.8022598870056498,0.4067796610169492,0.34695011279625615
4,scaffold,traditional,knn_k5,knn_k5,ecfp_2048,knn_k5__ecfp_2048,0.7636298421807747,0.5874225254594463,0.807909604519774,0.37037037037037035,0.3587688404079934
4,scaffold,traditional,knn_k5,knn_k5,rdkit2d_normalized_200,knn_k5__rdkit2d_normalized_200,0.811154949784792,0.5258916734494453,0.7909604519774012,0.44776119402985076,0.3396153935486096
4,scaffold,traditional,knn_k5,knn_k5,ecfp_1024_rdkit2d_normalized_200,knn_k5__ecfp_1024_rdkit2d_normalized_200,0.7656025824964132,0.5805386560678465,0.7909604519774012,0.3728813559322034,0.30264263085907195
4,scaffold,traditional,knn_k5,knn_k5,ecfp_2048_rdkit2d_normalized_200,knn_k5__ecfp_2048_rdkit2d_normalized_200,0.7620157819225251,0.5411878429466399,0.7909604519774012,0.3728813559322034,0.30264263085907195
4,scaffold,traditional,logreg_l1_c0_1,logreg_l1_c0_1,ecfp_1024,logreg_l1_c0_1__ecfp_1024,0.7963593974175036,0.5484762748746207,0.7796610169491526,0.5063291139240507,0.3652103435244035
4,scaffold,traditional,logreg_l1_c0_1,logreg_l1_c0_1,ecfp_2048,logreg_l1_c0_1__ecfp_2048,0.8229913916786227,0.5668455419147242,0.7740112994350282,0.5,0.3543172578121267
4,scaffold,traditional,logreg_l1_c0_1,logreg_l1_c0_1,rdkit2d_normalized_200,logreg_l1_c0_1__rdkit2d_normalized_200,0.7399569583931135,0.5264313327148537,0.6779661016949152,0.4672897196261682,0.2689558760182119
4,scaffold,traditional,logreg_l1_c0_1,logreg_l1_c0_1,ecfp_1024_rdkit2d_normalized_200,logreg_l1_c0_1__ecfp_1024_rdkit2d_normalized_200,0.8088235294117647,0.566264548130131,0.7740112994350282,0.5,0.3543172578121267
4,scaffold,traditional,logreg_l1_c0_1,logreg_l1_c0_1,ecfp_2048_rdkit2d_normalized_200,logreg_l1_c0_1__ecfp_2048_rdkit2d_normalized_200,0.8163558106169297,0.5618442728759817,0.7740112994350282,0.5,0.3543172578121267
4,scaffold,traditional,logreg_l1_c1,logreg_l1_c1,ecfp_1024,logreg_l1_c1__ecfp_1024,0.8109756097560976,0.6225386188796387,0.8192090395480226,0.6,0.4835581741083584
4,scaffold,traditional,logreg_l1_c1,logreg_l1_c1,ecfp_2048,logreg_l1_c1__ecfp_2048,0.8140243902439025,0.6110971214549616,0.8361581920903954,0.6329113924050633,0.528283579659165
4,scaffold,traditional,logreg_l1_c1,logreg_l1_c1,rdkit2d_normalized_200,logreg_l1_c1__rdkit2d_normalized_200,0.7801291248206599,0.5135714637931574,0.7457627118644068,0.5263157894736842,0.36331047896702723
4,scaffold,traditional,logreg_l1_c1,logreg_l1_c1,ecfp_1024_rdkit2d_normalized_200,logreg_l1_c1__ecfp_1024_rdkit2d_normalized_200,0.8217360114777618,0.6542223895737314,0.8305084745762712,0.6153846153846154,0.5081541043568913
4,scaffold,traditional,logreg_l1_c1,logreg_l1_c1,ecfp_2048_rdkit2d_normalized_200,logreg_l1_c1__ecfp_2048_rdkit2d_normalized_200,0.817790530846485,0.6135830057058821,0.8361581920903954,0.6329113924050633,0.528283579659165
4,scaffold,traditional,logreg_l2_c0_1,logreg_l2_c0_1,ecfp_1024,logreg_l2_c0_1__ecfp_1024,0.7822812051649929,0.5823905231816401,0.8192090395480226,0.5675675675675675,0.45924863450090286
4,scaffold,traditional,logreg_l2_c0_1,logreg_l2_c0_1,ecfp_2048,logreg_l2_c0_1__ecfp_2048,0.8030846484935438,0.5755641171112778,0.8135593220338984,0.5822784810126582,0.4630542852052604
4,scaffold,traditional,logreg_l2_c0_1,logreg_l2_c0_1,rdkit2d_normalized_200,logreg_l2_c0_1__rdkit2d_normalized_200,0.7675753228120517,0.5543107005775099,0.7570621468926554,0.5376344086021505,0.38087809285929036
4,scaffold,traditional,logreg_l2_c0_1,logreg_l2_c0_1,ecfp_1024_rdkit2d_normalized_200,logreg_l2_c0_1__ecfp_1024_rdkit2d_normalized_200,0.7865853658536586,0.5975137315987273,0.8305084745762712,0.5833333333333334,0.48689778106721504
4,scaffold,traditional,logreg_l2_c0_1,logreg_l2_c0_1,ecfp_2048_rdkit2d_normalized_200,logreg_l2_c0_1__ecfp_2048_rdkit2d_normalized_200,0.8066714490674318,0.583329250014718,0.8305084745762712,0.6052631578947368,0.500732556323598
4,scaffold,traditional,logreg_l2_c1,logreg_l2_c1,ecfp_1024,logreg_l2_c1__ecfp_1024,0.771700143472023,0.5675803815757514,0.8192090395480226,0.5789473684210527,0.46710977086484357
4,scaffold,traditional,logreg_l2_c1,logreg_l2_c1,ecfp_2048,logreg_l2_c1__ecfp_2048,0.7912482065997131,0.5654936891980052,0.8135593220338984,0.5925925925925926,0.4717978150350453
4,scaffold,traditional,logreg_l2_c1,logreg_l2_c1,rdkit2d_normalized_200,logreg_l2_c1__rdkit2d_normalized_200,0.7847919655667145,0.5332877108726575,0.7401129943502824,0.5208333333333334,0.35476199723536694
4,scaffold,traditional,logreg_l2_c1,logreg_l2_c1,ecfp_1024_rdkit2d_normalized_200,logreg_l2_c1__ecfp_1024_rdkit2d_normalized_200,0.772596843615495,0.5801083779071962,0.8305084745762712,0.5833333333333334,0.48689778106721504
4,scaffold,traditional,logreg_l2_c1,logreg_l2_c1,ecfp_2048_rdkit2d_normalized_200,logreg_l2_c1__ecfp_2048_rdkit2d_normalized_200,0.7932209469153515,0.5681033891937182,0.8248587570621468,0.6075949367088608,0.49566893243221266
4,scaffold,chemprop,chemprop,default,graph,chemprop_default,0.6730631276901005,0.4273965913750524,0.768361581920904,0.0,0.0
4,scaffold,chemprop,chemprop,morgan,morgan_binary,chemprop_morgan,0.8346484935437589,0.6939760245506356,0.8531073446327684,0.675,0.5804888613305321
4,scaffold,chemprop,chemprop,morgan_rdkit2d,morgan_binary+v1_rdkit_2d_normalized,chemprop_morgan_rdkit2d,0.8445121951219512,0.7131499676982377,0.8361581920903954,0.6329113924050633,0.528283579659165
