protocol,family,algorithm,preset,representation,candidate_id,n_folds,valid_roc_mean,valid_roc_std,valid_prc_mean,valid_prc_std,valid_accuracy_mean,valid_accuracy_std,valid_f1_mean,valid_f1_std,valid_mcc_mean,valid_mcc_std,status,valid_roc_ci95_low,valid_roc_ci95_high,valid_prc_ci95_low,valid_prc_ci95_high,valid_accuracy_ci95_low,valid_accuracy_ci95_high,valid_f1_ci95_low,valid_f1_ci95_high,valid_mcc_ci95_low,valid_mcc_ci95_high,test_n_folds,test_roc_mean,test_roc_std,test_prc_mean,test_prc_std,test_accuracy_mean,test_accuracy_std,test_f1_mean,test_f1_std,test_mcc_mean,test_mcc_std,test_roc_ci95_low,test_roc_ci95_high,test_prc_ci95_low,test_prc_ci95_high,test_accuracy_ci95_low,test_accuracy_ci95_high,test_f1_ci95_low,test_f1_ci95_high,test_mcc_ci95_low,test_mcc_ci95_high
datasail,chemprop,chemprop,default,graph,chemprop_default,5,0.6515572465410305,0.0931756164784683,0.3840530701725249,0.1133364684801628,0.7674864865385096,0.015471537591256352,0.0,0.0,0.0,0.0,complete,0.5358644380492749,0.7672500550327862,0.2433272575771508,0.524778882767899,0.7482760353145904,0.7866969377624288,0.0,0.0,0.0,0.0,5,0.48396464646464643,0.04349330549868234,0.22379753597447144,0.01591877596958537,0.7659574468085106,0.0,0.0,0.0,0.0,0.0,0.42996057486405465,0.5379687180652382,0.20403176495756603,0.24356330699137685,0.7659574468085106,0.7659574468085106,0.0,0.0,0.0,0.0
datasail,chemprop,chemprop,morgan,morgan_binary,chemprop_morgan,5,0.7225588181026643,0.10322287483074549,0.4384292772573546,0.17151745011590455,0.7564928871336163,0.05238684099228382,0.2918834568091784,0.25560923230936305,0.1764674176588103,0.2475901125221461,complete,0.594390690634234,0.8507269455710946,0.22546223438472546,0.6513963201299837,0.6914460326938722,0.8215397415733604,-0.025497324557860745,0.6092642381762174,-0.13095631137115804,0.48389114668877864,5,0.6632575757575758,0.07846666057799981,0.43153653571558037,0.052877399043374414,0.774468085106383,0.02753655128839313,0.26807128007128006,0.07424968819620459,0.2429641487992062,0.11480125397318493,0.5658283482585987,0.7606868032565529,0.36588057300476806,0.4971924984263927,0.7402769407368937,0.8086592294758723,0.17587811536019765,0.36026444478236247,0.10041956479205538,0.385508732806357
datasail,chemprop,chemprop,morgan_rdkit2d,morgan_binary+v1_rdkit_2d_normalized,chemprop_morgan_rdkit2d,5,0.7198405228038393,0.10325793961768148,0.4950708011763762,0.15848990857255896,0.7592982206766111,0.06653219403188422,0.40178764094896885,0.18420965325723188,0.2835234761209148,0.21365350331297855,complete,0.5916288566518657,0.8480521889558128,0.29827958762322326,0.6918620147295291,0.676687590625713,0.8419088507275092,0.17306114637786482,0.6305141355200728,0.018237612967080152,0.5488093392747494,5,0.6763888888888889,0.04215073118432867,0.42593121101817316,0.03663370095611586,0.7574468085106383,0.025398588055985775,0.2687043512043512,0.08457338040584328,0.18939093042052008,0.08054080039208214,0.6240518434793432,0.7287259342984347,0.3804444634200012,0.4714179586163451,0.7259102961163125,0.788983320904964,0.16369262954802377,0.37371607286067865,0.08938631818715588,0.2893955426538843
datasail,traditional,knn_k3,knn_k3,ecfp_1024,knn_k3__ecfp_1024,5,0.7211978751000366,0.08669194240817263,0.49347689272835565,0.15943296426179426,0.7470418733482317,0.0562475573814064,0.3644717013410138,0.18175050030690523,0.25610590851387605,0.1316479984736828,complete,0.6135556112774543,0.828840138922619,0.29551472087757796,0.6914390645791333,0.6772013063608389,0.8168824403356245,0.13879864845440698,0.5901447542276206,0.09264332837351971,0.41956848865423235,5,0.49520202020202025,0.03786655421132216,0.27591451878799694,0.008622578832855375,0.7617021276595745,0.00951518288297778,0.03405797101449275,0.04665338725455035,0.021649619683836406,0.11322691880095322,0.4481844831017903,0.5422195573022502,0.26520817307956657,0.2866208644964273,0.7498874676374562,0.7735167876816927,-0.02386986033374089,0.09198580236272638,-0.11894016901884838,0.1622394083865212
datasail,traditional,knn_k3,knn_k3,ecfp_1024_rdkit2d_normalized_200,knn_k3__ecfp_1024_rdkit2d_normalized_200,5,0.6920615087192105,0.07117162215048824,0.4827186501791914,0.12835782663214781,0.7483242480063289,0.07111657804295458,0.3864836059462925,0.14956157947808152,0.2789225080447474,0.11333617668422381,complete,0.6036902678011875,0.7804327496372334,0.32334135796237284,0.64209594239601,0.6600213533749437,0.8366271426377141,0.2007783771938674,0.5721888346987176,0.13819705776188554,0.41964795832760926,5,0.5473484848484848,0.05032916026036009,0.3019168818050325,0.06152179647326408,0.7595744680851064,0.019325427792111622,0.07374005305039788,0.10617371499567227,0.0353766267589256,0.12991554356801505,0.48485657849336794,0.6098403912036016,0.22552748201936107,0.37830628159070395,0.735578780145755,0.7835701560244579,-0.05809202641527575,0.2055721325160715,-0.12593482649655158,0.19668808001440274
datasail,traditional,knn_k3,knn_k3,ecfp_2048,knn_k3__ecfp_2048,5,0.6966313583223005,0.12459756653521976,0.4927565432327735,0.20792625361021597,0.7950027876377365,0.041073292634903016,0.3953544700913122,0.2537875690875929,0.3166073993837816,0.21424484793511706,complete,0.5419230456917197,0.8513396709528813,0.23458199984358247,0.7509310866219645,0.7440035588852895,0.8460020163901835,0.08023558236359696,0.7104733578190274,0.05058728490210618,0.582627513865457,5,0.4973484848484849,0.04770154562864497,0.24520794360449738,0.016919016606192067,0.7574468085106384,0.004757591441488897,0.0,0.0,-0.04585572929525298,0.025634131965503546,0.43811919298272217,0.5565777767142476,0.22420020979957703,0.26621567740941776,0.7515394784995792,0.7633541385216975,0.0,0.0,-0.07768470808202309,-0.014026750508482871
datasail,traditional,knn_k3,knn_k3,ecfp_2048_rdkit2d_normalized_200,knn_k3__ecfp_2048_rdkit2d_normalized_200,5,0.6898424407268052,0.1055697190486174,0.48688717575195806,0.1762050280837649,0.7581246197851355,0.03494386494358832,0.3464877782478413,0.21887017860175584,0.2499969540756907,0.15385833169553825,complete,0.5587603212836506,0.8209245601699598,0.2680997360778636,0.7056746154260525,0.7147360807265871,0.8015131588436838,0.07472455719761267,0.61825099929807,0.05895660278564738,0.44103730536573404,5,0.5349116161616161,0.07026482536430433,0.270172455132429,0.03855670068895364,0.7553191489361702,0.013029200759484992,0.0553763440860215,0.08525362920506661,0.010856859976053308,0.07138327793504023,0.44766631216668457,0.6221569201565477,0.22229798799743689,0.3180469222674211,0.7391412594277486,0.7714970384445919,-0.0504800180141229,0.16123270618616592,-0.07777718630965945,0.09949090626176606
datasail,traditional,knn_k3,knn_k3,rdkit2d_normalized_200,knn_k3__rdkit2d_normalized_200,5,0.6190628627761855,0.08477256596545402,0.3477310525388623,0.0764078368324563,0.72710528111284,0.04523504962419149,0.3395156791031989,0.11933752380775238,0.18677582637007095,0.11206155126496509,complete,0.5138038195815273,0.7243219059708437,0.2528581923633736,0.44260391271435096,0.6709385485375207,0.7832720136881594,0.1913385721563279,0.48769278605006994,0.047633032581498036,0.32591862015864387,5,0.5786616161616162,0.09907780292616127,0.3005681221009874,0.10115103325120371,0.7489361702127659,0.022060043992901842,0.11895604395604395,0.1550787066784625,0.03333428589885848,0.16381421237234517,0.45564027524707396,0.7016829570761584,0.17497252573185565,0.42616371847011913,0.7215450077879885,0.7763273326375434,-0.07359960301460491,0.31151169092669284,-0.17006792399798853,0.2367364957957055
datasail,traditional,knn_k5,knn_k5,ecfp_1024,knn_k5__ecfp_1024,5,0.7219034065276908,0.08728334236636065,0.5348760278119363,0.1891467798838819,0.7558893047814791,0.05271883206131424,0.32762286371775545,0.25756296363744047,0.25861591456931227,0.17583461445273718,complete,0.6135268226684872,0.8302799903868944,0.3000192808539478,0.7697327747699249,0.6904302289835947,0.8213483805793634,0.007816204498479806,0.647429522937031,0.04028840416530885,0.47694342497331566,5,0.48851010101010106,0.03754761053593793,0.2850484544476324,0.034078642627886506,0.7659574468085106,0.010638297872340371,0.034782608695652174,0.04762804847871009,0.052108783290060204,0.12587264636126316,0.4418885847890505,0.5351316172311517,0.24273423078893352,0.32736267810633124,0.7527482553382578,0.7791666382787634,-0.02435542440506582,0.09392064179637016,-0.10418275005535459,0.20840031663547498
datasail,traditional,knn_k5,knn_k5,ecfp_1024_rdkit2d_normalized_200,knn_k5__ecfp_1024_rdkit2d_normalized_200,5,0.7192853193636676,0.05368965565141807,0.5341282285487098,0.12054131112308304,0.7538228253145994,0.05324138821218565,0.3505197718265603,0.18704417668674342,0.2753746177849215,0.09352679100426164,complete,0.6526208068653444,0.7859498318619907,0.3844564222308984,0.6838000348665212,0.6877149103571382,0.8199307402720607,0.11827375156096676,0.5827657920921538,0.15924576852740194,0.3915034670424411,5,0.5898989898989899,0.09886235639418088,0.3545859641034025,0.10843687557609742,0.7702127659574468,0.019325427792111653,0.08077591973244147,0.09804954155065226,0.10480129645841574,0.14851708348216427,0.4671451611867456,0.7126528186112342,0.219943799622861,0.48922812858394393,0.7462170780180952,0.7942084538967984,-0.040968666051387756,0.2025205055162707,-0.07960701921961091,0.28920961213644236
datasail,traditional,knn_k5,knn_k5,ecfp_2048,knn_k5__ecfp_2048,5,0.7157215231691361,0.10355968376819175,0.5270231671862577,0.2072896482156853,0.7828939561994253,0.04570976973829441,0.30836578211207283,0.27850978716681885,0.2490010420925378,0.24135671832266467,complete,0.5871351921688054,0.8443078541694667,0.2696390737965177,0.7844072605759977,0.7261377807492011,0.8396501316496494,-0.03744979376035951,0.6541813579845052,-0.05068290577332232,0.5486849899583979,5,0.48775252525252527,0.04877399576612081,0.25446558745394104,0.030804582090053288,0.7659574468085106,0.0,0.0,0.0,0.0,0.0,0.42719161066119016,0.5483134398438604,0.21621664689300935,0.29271452801487274,0.7659574468085106,0.7659574468085106,0.0,0.0,0.0,0.0
datasail,traditional,knn_k5,knn_k5,ecfp_2048_rdkit2d_normalized_200,knn_k5__ecfp_2048_rdkit2d_normalized_200,5,0.7216455091476722,0.08957330119661942,0.5221734321456585,0.182801067689982,0.7597304956789172,0.04884934185385598,0.32521337126600286,0.23111825898754537,0.23165581593043996,0.17275635773815148,complete,0.6104255658515675,0.832865452443777,0.2951959275617981,0.7491509367295188,0.6990760265630357,0.8203849647947986,0.038242149753633714,0.612184592778372,0.017150466066166603,0.4461611657947133,5,0.5580808080808081,0.10936942006988898,0.29118324868458456,0.07874589567963926,0.7659574468085106,0.007522412565814303,0.017391304347826087,0.038888138739126776,0.026054391645030102,0.0936509514419612,0.42228073667560245,0.6938808794860136,0.19340730501286696,0.38895919235630216,0.7566171379459034,0.7752977556711179,-0.030894697481700848,0.06567730617735303,-0.09022862315798225,0.14233740644804244
datasail,traditional,knn_k5,knn_k5,rdkit2d_normalized_200,knn_k5__rdkit2d_normalized_200,5,0.6433657301370538,0.09130545259587966,0.4085898490810348,0.11789507121521613,0.7247943782910434,0.07605369208373848,0.3639251761310585,0.1459725825162549,0.20546063344122847,0.16244783379238675,complete,0.5299950368090494,0.7567364234650582,0.2622037835874318,0.5549759145746378,0.6303612469001906,0.8192275096818963,0.18267627569579625,0.5451740765663208,0.003755006635032615,0.4071662602474243,5,0.5549242424242424,0.08174956594059926,0.31409097471588304,0.08265131830865184,0.7595744680851064,0.017801277160299493,0.1362380952380952,0.1428053874502193,0.08263007727927522,0.13746008140922766,0.4534187495270155,0.6564297353214694,0.21146580836795023,0.4167161410638158,0.7374712631131156,0.7816776730570972,-0.041078213108382056,0.3135544035845725,-0.08804915699672163,0.2533093115552721
datasail,traditional,lgbm,lgbm,ecfp_1024,lgbm__ecfp_1024,5,0.6822190312497377,0.13738349317012227,0.4669752441703306,0.18568896992460976,0.7686677442906877,0.07933648195515326,0.4008214008214008,0.21972437977084575,0.31879259800622506,0.21842396621038046,complete,0.5116348938329238,0.8528031686665516,0.23641193535140068,0.6975385529892605,0.6701584909028312,0.8671769976785443,0.12799754893228965,0.6736452527105119,0.04758342281791966,0.5900017731945304,5,0.6023989898989899,0.05065751922624851,0.31166385650115797,0.030398565728691443,0.7659574468085106,0.0,0.0,0.0,0.0,0.0,0.539499372037442,0.6652986077605377,0.27391905183881093,0.349408661163505,0.7659574468085106,0.7659574468085106,0.0,0.0,0.0,0.0
datasail,traditional,lgbm,lgbm,ecfp_1024_rdkit2d_normalized_200,lgbm__ecfp_1024_rdkit2d_normalized_200,5,0.7252326416509878,0.09933887002244388,0.4991332440407879,0.13493911906252343,0.7361761428137595,0.11576449408506183,0.4042734526690023,0.1538484296058221,0.257581360312657,0.1927752442422081,complete,0.6018871431218759,0.8485781401800997,0.331584197951521,0.6666822901300549,0.5924355382380654,0.8799167473894537,0.2132453964472665,0.5953015088907381,0.018219279792169307,0.4969434408331447,5,0.7140151515151515,0.03947095715237524,0.46533825126612227,0.04108432879308655,0.778723404255319,0.008900638580149755,0.13478260869565217,0.125678164572051,0.18470871488389673,0.11208829970108912,0.6650054850444037,0.7630248179858993,0.4143253193133803,0.5163511832188642,0.7676718017693236,0.7897750067413145,-0.021267443613791626,0.29083266100509597,0.045532708525180376,0.3238847212426131
datasail,traditional,lgbm,lgbm,ecfp_2048,lgbm__ecfp_2048,5,0.6705647211644331,0.15685261638107648,0.4630006881787755,0.17713188888860243,0.7536982500973164,0.06791725968751741,0.3764625302175665,0.22455577872838767,0.27297017940111273,0.2169092141118313,complete,0.4758064743799841,0.8653229679488821,0.2430623988119681,0.6829389775455829,0.66936783388667,0.8380286663079628,0.09763970418191636,0.6552853562532166,0.00364181735977942,0.542298541442446,5,0.7194444444444444,0.06074498754956404,0.37764367744301713,0.06309196314753474,0.7553191489361702,0.018426072420945492,0.0,0.0,-0.03477079561648328,0.05201141553228541,0.6440195803328147,0.7948693085560742,0.2993046582267245,0.4559826966593098,0.732440158182787,0.7781981396895535,0.0,0.0,-0.09935149777853824,0.02980990654557169
datasail,traditional,lgbm,lgbm,ecfp_2048_rdkit2d_normalized_200,lgbm__ecfp_2048_rdkit2d_normalized_200,5,0.7103231097970877,0.10172859102946281,0.4924783579140934,0.13482747562739716,0.7201011739853447,0.11589446431476073,0.41428336218575945,0.1331883078058943,0.2454249710288387,0.1961011532910658,complete,0.5840103807278091,0.8366358388663663,0.3250679354588586,0.6598887803693282,0.5761991900545951,0.8640031579160943,0.2489082354014988,0.57965848897002,0.0019332289810842507,0.4889167130765931,5,0.7281565656565657,0.07470678023076424,0.4925254664322104,0.06148482988322559,0.776595744680851,0.0,0.11400966183574879,0.06049266026086387,0.19104658690363935,0.007725541204891596,0.6353958462223049,0.8209172850908265,0.4161819667305261,0.5688689661338947,0.776595744680851,0.776595744680851,0.03889810343426246,0.1891212202372351,0.1814540605228857,0.200639113284393
datasail,traditional,lgbm,lgbm,rdkit2d_normalized_200,lgbm__rdkit2d_normalized_200,5,0.7216740341314649,0.09301222861213287,0.4943507170967658,0.11225319541352986,0.7418928353401453,0.10257232687569828,0.42234463276836165,0.134221760025619,0.271616953883963,0.17397863903182112,complete,0.6061840984710812,0.8371639697918486,0.3549699656684536,0.633731468525078,0.6145324698466021,0.8692532008336884,0.25568630556900507,0.5890029599677182,0.05559394134166215,0.48763996642626384,5,0.7089646464646464,0.049096520442483776,0.45710920988362974,0.0315708072535817,0.774468085106383,0.00475759144148895,0.11669004207573633,0.12109887804330839,0.16197358960809174,0.09414035166044163,0.648003264594139,0.7699260283351538,0.41790887512262703,0.49630954464463245,0.7685607550953238,0.7803754151174421,-0.033674075013508276,0.26705415916498093,0.0450829041730792,0.2788642750431043
datasail,traditional,logreg_l1_c0_1,logreg_l1_c0_1,ecfp_1024,logreg_l1_c0_1__ecfp_1024,5,0.7209037356462584,0.0826477744281695,0.47192143195199066,0.11942936280318349,0.714559541540422,0.0760387239743369,0.4401459097466357,0.11484642437614265,0.2991488760653669,0.10443976151876067,complete,0.6182829696071345,0.8235245016853824,0.32363029183086167,0.6202125720731196,0.6201449955121343,0.8089740875687097,0.2975452392763479,0.5827465802169235,0.16946978420653463,0.42882796792419914,5,0.41685606060606056,0.14220295000465538,0.23923971470166966,0.06651270554026129,0.6340425531914894,0.07000291011217911,0.12739068298436865,0.10684147384870049,-0.09713038991262044,0.13618788853914154,0.24028777714690985,0.5934243440652113,0.15665328280919902,0.3218261465941403,0.5471224599357022,0.7209626464472766,-0.005270528608591979,0.26005189457732925,-0.26622998810305987,0.07196920827781897
datasail,traditional,logreg_l1_c0_1,logreg_l1_c0_1,ecfp_1024_rdkit2d_normalized_200,logreg_l1_c0_1__ecfp_1024_rdkit2d_normalized_200,5,0.7007475487175343,0.1031964404159919,0.474753169831018,0.13085298637609719,0.7079464729727069,0.0807310487532309,0.4570048187399853,0.08370783001271419,0.30842352774495957,0.09228845434850684,complete,0.572612243910217,0.8288828535248516,0.3122777275903702,0.6372286120716658,0.607705636198587,0.8081873097468267,0.35306781984543734,0.5609418176345332,0.1938322765305468,0.42301477895937234,5,0.44987373737373737,0.11699801131675838,0.23724879002519605,0.05883727424269133,0.625531914893617,0.07868026420042808,0.12175883256528416,0.10117893876403154,-0.10968841780381873,0.14961626587975038,0.30460151886028164,0.5951459558871931,0.16419266484560446,0.31030491520478765,0.5278374634667848,0.7232263663204492,-0.0038714130744773034,0.24738907820504563,-0.29546154869238733,0.07608471308474989
datasail,traditional,logreg_l1_c0_1,logreg_l1_c0_1,ecfp_2048,logreg_l1_c0_1__ecfp_2048,5,0.7461955743291523,0.06133234951278823,0.49741928418899023,0.13179120059487703,0.7142842878923359,0.0992543012019143,0.3794496018562204,0.14763228039069856,0.26458501902432374,0.10901182504005572,complete,0.6700414040138728,0.8223497446444318,0.3337788951302806,0.6610596732476999,0.5910437954230461,0.8375247803616257,0.1961399143223661,0.5627592893900747,0.1292289604935987,0.3999410775550488,5,0.45404040404040397,0.12822197384199063,0.3103902173469464,0.09796395172369914,0.6404255319148936,0.10807170297191739,0.15305387220280836,0.10582187497115611,-0.05202219571610247,0.210567556067618,0.2948317953421791,0.6132490127386288,0.18875190536985736,0.4320285293240354,0.5062367891100927,0.7746142747196945,0.021658659828703603,0.2844490845769131,-0.3134763492750168,0.20943195784281185
datasail,traditional,logreg_l1_c0_1,logreg_l1_c0_1,ecfp_2048_rdkit2d_normalized_200,logreg_l1_c0_1__ecfp_2048_rdkit2d_normalized_200,5,0.7361804395391005,0.08650496253448663,0.4752279961019594,0.14026657220315125,0.7187055823974454,0.10429073032006016,0.397237458354724,0.15004146599555793,0.2746793821870396,0.12353625774849598,complete,0.6287703418940628,0.8435905371841382,0.30106404324585734,0.6493919489580615,0.5892115372126487,0.8481996275822421,0.2109363717903251,0.5835385449191229,0.12128885846791104,0.4280699059061681,5,0.5478535353535354,0.1340313610192015,0.3279406115005196,0.1275861311862983,0.6468085106382979,0.1091138842975156,0.15331041057446146,0.11094053880018277,-0.04527771739962728,0.21013634242903784,0.38143161974574125,0.7142754509613296,0.16952150573639022,0.486359717264649,0.5113257288019015,0.7822912924746943,0.015559537604946438,0.2910612835439765,-0.30619644850798217,0.21564101370872762
datasail,traditional,logreg_l1_c0_1,logreg_l1_c0_1,rdkit2d_normalized_200,logreg_l1_c0_1__rdkit2d_normalized_200,5,0.6696931455539176,0.10908339086074507,0.43021286933371117,0.1564182436560571,0.6408205336978126,0.08639815784717149,0.39239722016650097,0.13535527568671224,0.18025574171922246,0.18033124635528616,complete,0.5342482263201407,0.8051380647876945,0.23599396752372037,0.624431771143702,0.5335430515878534,0.7480980158077717,0.22433144737936478,0.5604629929536371,-0.04365507463135054,0.40416655806979546,5,0.6893939393939393,0.13480789854739303,0.6069978278648547,0.14913218965248065,0.7808510638297872,0.14980748170693436,0.470711153597977,0.22712323600042067,0.3883071733999609,0.3064148479366152,0.5220078250941356,0.8567800536937431,0.4218257570000732,0.7921698987296362,0.5948405071327174,0.966861620526857,0.18870040830071705,0.7527218988952369,0.007842888201984144,0.7687714585979377
datasail,traditional,logreg_l1_c1,logreg_l1_c1,ecfp_1024,logreg_l1_c1__ecfp_1024,5,0.7098674667071289,0.04861005474631986,0.44302430746640553,0.09080326129930415,0.7067665823875251,0.06517234227776235,0.39476844384459353,0.14219394459603757,0.23679050619194833,0.14706757184983396,complete,0.6495101117779094,0.7702248216363483,0.3302771669915702,0.5557714479412409,0.6258444313026144,0.7876887334724358,0.21821134207711268,0.5713255456120744,0.05418199692276382,0.41939901546113284,5,0.5194444444444445,0.1651539465096875,0.29588796122856365,0.1415425489527933,0.6319148936170212,0.08662214036520119,0.11114278675254285,0.09418672891722245,-0.09919300731156801,0.1910746217615521,0.3143787349020949,0.7245101539867941,0.12013967397988595,0.47163624847724134,0.5243593004781977,0.7394704867558448,-0.005805483652549875,0.22809105715763558,-0.3364434861232892,0.13805747150015318
datasail,traditional,logreg_l1_c1,logreg_l1_c1,ecfp_1024_rdkit2d_normalized_200,logreg_l1_c1__ecfp_1024_rdkit2d_normalized_200,5,0.7050445115852164,0.0732640851130173,0.4507046443525926,0.1084430705786347,0.7178342700725981,0.06366278708425244,0.4456658319870577,0.09145655893505106,0.2838961871939603,0.12179748860421162,complete,0.6140751347390463,0.7960138884313865,0.31605478776043183,0.5853545009447534,0.6387864793247702,0.7968820608204261,0.3321075153578038,0.5592241486163116,0.13266463052247723,0.4351277438654434,5,0.5674242424242424,0.17386654762349196,0.32472739882376195,0.15806593570139077,0.6553191489361703,0.11273584503607623,0.17444072835377183,0.1960496466740817,-0.021419624422333094,0.27091409051246673,0.3515404097481718,0.783308075100313,0.1284626171209536,0.5209921805265703,0.5153391088477957,0.7952991890245449,-0.0689870597820042,0.41786851648954787,-0.3578038972177796,0.31496464837311344
datasail,traditional,logreg_l1_c1,logreg_l1_c1,ecfp_2048,logreg_l1_c1__ecfp_2048,5,0.7376201491173167,0.031954522411459726,0.4539319450017888,0.10203542074169454,0.7141474749498316,0.08715986666432127,0.3719365064086706,0.1538604831579757,0.23821518126504007,0.13789072258456203,complete,0.6979433690592117,0.7772969291754216,0.32723823652525286,0.5806256534783247,0.6059242064245032,0.8223707434751599,0.1808934837251752,0.562979529092166,0.06700123534548638,0.4094291271845938,5,0.5773358585858587,0.1336793443530929,0.3586579521000472,0.11253158165663583,0.6872340425531915,0.09650994408546151,0.2774557232327749,0.08015136452687818,0.10467396780903497,0.17822580396158857,0.41135102939913926,0.7433206877725781,0.2189315384960751,0.4983843657040193,0.5674011195136155,0.8070669655927676,0.17793465949284382,0.376976786972706,-0.11662259652099179,0.32597053213906174
datasail,traditional,logreg_l1_c1,logreg_l1_c1,ecfp_2048_rdkit2d_normalized_200,logreg_l1_c1__ecfp_2048_rdkit2d_normalized_200,5,0.743066172653778,0.05132580416543784,0.4509863312297229,0.11583777050759084,0.7266492061369785,0.08613116380665735,0.4186088081137397,0.1392340998543388,0.2781644268715211,0.14156058970500857,complete,0.6793367694426968,0.8067955758648591,0.3071547419582573,0.5948179205011885,0.6197032409148607,0.8335951713590962,0.2457268390022989,0.5914907772251805,0.10239373907031724,0.45393511467272496,5,0.6608585858585859,0.09101249730586691,0.39146893987414166,0.13926515753088825,0.6978723404255319,0.06409519289954073,0.26974438959733077,0.0926470057311218,0.09248732989336718,0.13592389973603822,0.5478516445672736,0.7738655271498982,0.21854840756386157,0.5643894721844218,0.6182876469442465,0.7774570339068173,0.1547079380396188,0.38478084115504274,-0.07628448290432992,0.26125914269106426
datasail,traditional,logreg_l1_c1,logreg_l1_c1,rdkit2d_normalized_200,logreg_l1_c1__rdkit2d_normalized_200,5,0.6745255553094517,0.05495056055748311,0.37395181779942466,0.06445520197979417,0.6575186966583143,0.08947705188240407,0.4278661488742266,0.04774168418712099,0.22017133494623803,0.08609193942590014,complete,0.6062954225841091,0.7427556880347943,0.2939201140041621,0.4539835215946872,0.5464182626705226,0.768619130646106,0.3685870184054644,0.4871452793429888,0.11327407322555838,0.3270685966669177,5,0.6876262626262626,0.1078367098639712,0.5298507225527515,0.18293170557078367,0.772340425531915,0.0776668606316765,0.44532078545236436,0.184857582948148,0.34800705738223925,0.21821466947220758,0.5537293023034245,0.8215232229491006,0.302711009615498,0.7569904354900049,0.6759042808320528,0.8687765702317771,0.21578977991068252,0.6748517909940462,0.07705775841866463,0.6189563563458138
datasail,traditional,logreg_l2_c0_1,logreg_l2_c0_1,ecfp_1024,logreg_l2_c0_1__ecfp_1024,5,0.6833889515975252,0.10235819401446272,0.43678071239671645,0.09807746120347716,0.7182947369067867,0.06280754874466299,0.3914507537563673,0.11387258222571829,0.2401291057433788,0.08878412287883569,complete,0.5562944671686105,0.8104834360264399,0.3150014597851322,0.5585599650083006,0.6403088648151105,0.7962806089984629,0.25005926802419476,0.5328422394885398,0.12988905675262918,0.35036915473412844,5,0.5387626262626263,0.08245780891458855,0.26435081628501345,0.03662103666784212,0.7148936170212765,0.06488489651905063,0.04788461538461539,0.045713039197396645,-0.04851750298701765,0.07104742831105508,0.43637773356261605,0.6411475189626364,0.21887979347765385,0.30982183909237304,0.6343283769863944,0.7954588570561586,-0.00887561963526963,0.1046448504045004,-0.13673453688581777,0.039699530911782466
datasail,traditional,logreg_l2_c0_1,logreg_l2_c0_1,ecfp_1024_rdkit2d_normalized_200,logreg_l2_c0_1__ecfp_1024_rdkit2d_normalized_200,5,0.6916792349850324,0.0923849586861077,0.44669233852731616,0.09968244602992579,0.7173874753525709,0.06883796494916228,0.4099228229950384,0.0832202073214278,0.25511836266669546,0.06748828282490826,complete,0.57696815780895,0.8063903121611147,0.32292023403906733,0.570464443015565,0.6319138525655833,0.8028610981395584,0.306591287640968,0.5132543583491088,0.1713205915824133,0.3389161337509776,5,0.5869949494949496,0.08466589337610127,0.2965529436059126,0.055875156530934555,0.725531914893617,0.05548257366129914,0.024444444444444442,0.03370166864022912,-0.059307218563904696,0.06648823292821199,0.4818683578140859,0.6921215411758133,0.22717477334745112,0.3659311138643741,0.6566412006506933,0.7944226291365407,-0.017401704185520936,0.06629059307440982,-0.1418632636950517,0.023248826567242323
datasail,traditional,logreg_l2_c0_1,logreg_l2_c0_1,ecfp_2048,logreg_l2_c0_1__ecfp_2048,5,0.7369109972854755,0.06624835176693332,0.512772112411519,0.11748677146449923,0.7264798540721173,0.10193690405303382,0.41027524088814415,0.12719660301259014,0.2868311351811643,0.11011925868481916,complete,0.6546528039561355,0.8191691906148155,0.36689301801885665,0.6586512068041813,0.5999084702211136,0.8530512379231211,0.2523397982335942,0.5682106835426941,0.15010001616333693,0.42356225419899174,5,0.5611111111111111,0.10981891074086735,0.3167694256956314,0.07928907198943272,0.7404255319148936,0.01780127716029951,0.10632258064516129,0.1161204297889051,0.013613458079519043,0.11902200657955023,0.42475292332222325,0.697469298899999,0.21831903955536608,0.4152198118358967,0.7183223269429027,0.7625287368868845,-0.037859976479670376,0.25050513776999295,-0.13417188248428027,0.16139879864331838
datasail,traditional,logreg_l2_c0_1,logreg_l2_c0_1,ecfp_2048_rdkit2d_normalized_200,logreg_l2_c0_1__ecfp_2048_rdkit2d_normalized_200,5,0.7347749310889505,0.08231487044882518,0.501708393957255,0.12379954380695449,0.7364448090075035,0.09417544955449561,0.44142663922943903,0.08282407966622088,0.3071645726639221,0.07867168334194966,complete,0.6325675199358372,0.8369823422420639,0.3479909574181095,0.6554258304964005,0.6195105437810314,0.8533790742339756,0.33858696132353194,0.5442663171353461,0.20948077578013624,0.404848369547708,5,0.6251262626262626,0.09445824286119256,0.3481432943469399,0.09015308470228392,0.7361702127659575,0.011653671436280091,0.08395604395604396,0.08815077487588213,-0.012469943408696057,0.10063047428535199,0.5078408631319319,0.7424116621205933,0.23620345474509924,0.4600831339487806,0.7217002684966329,0.7506401570352821,-0.02549759962110397,0.19340968753319188,-0.1374191804509875,0.11247929363359539
datasail,traditional,logreg_l2_c0_1,logreg_l2_c0_1,rdkit2d_normalized_200,logreg_l2_c0_1__rdkit2d_normalized_200,5,0.6863582778770834,0.06685641925229718,0.39909739604746186,0.10046015856720125,0.6623470115181987,0.08583110344814168,0.4339999104228306,0.07704857131106725,0.23303883667992667,0.10920515509265674,complete,0.6033450690426888,0.7693714867114779,0.2743596339007264,0.5238351581941973,0.555773620440538,0.7689204025958595,0.3383314733128428,0.5296683475328183,0.09744272718311608,0.36863494617673725,5,0.6948232323232323,0.06719200631535256,0.522789131561323,0.12041141587739494,0.7382978723404255,0.08463967779113224,0.46319333950046254,0.06081879838354218,0.32921748335624096,0.10052104274620619,0.6113933371143789,0.7782531275320856,0.3732786114936203,0.6722996516290257,0.6332038316076097,0.8433919130732414,0.3876768271336048,0.5387098518673203,0.20440412351637488,0.45403084319610704
datasail,traditional,logreg_l2_c1,logreg_l2_c1,ecfp_1024,logreg_l2_c1__ecfp_1024,5,0.6724072029557211,0.08965307296340035,0.43157280150293165,0.10328556182057472,0.7082682943260978,0.06108402726383148,0.38867594592911536,0.12246266507404258,0.22718945105206653,0.10095504318270081,complete,0.5610882099287314,0.7837261959827108,0.3033268378560745,0.5598187651497888,0.6324224568073009,0.7841141318448948,0.2366184635825909,0.5407334282756399,0.10183720849500036,0.3525416936091327,5,0.5511363636363636,0.10432151025697277,0.2795382366328888,0.05989181785400729,0.6957446808510639,0.07839205713591717,0.03610333022097728,0.03426914608400911,-0.09916860886809956,0.08271974875224082,0.42160410011203564,0.6806686271606917,0.20517272261659036,0.3539037506491872,0.5984080857602628,0.793081275941865,-0.006447434720722421,0.07865409516267699,-0.20187874283421792,0.003541525098018805
datasail,traditional,logreg_l2_c1,logreg_l2_c1,ecfp_1024_rdkit2d_normalized_200,logreg_l2_c1__ecfp_1024_rdkit2d_normalized_200,5,0.6941729410706898,0.07593525579494591,0.4502172448264875,0.09030840751967072,0.7216820205879788,0.05773967717452015,0.42290978094262427,0.10524903652437897,0.2666022277311752,0.10474665950679082,complete,0.5998868677557115,0.7884590143856681,0.33808454647419806,0.562349943178777,0.6499887421724694,0.7933752990034882,0.2922258414446696,0.553593720440579,0.13654207168948476,0.39666238377286567,5,0.6012626262626263,0.08911762494827144,0.31482235104141304,0.07826151870175556,0.721276595744681,0.06400684662336734,0.023859649122807018,0.03304585172763819,-0.06387367727687164,0.07537962623342406,0.49060847975893185,0.7119167727663207,0.2176478408246924,0.4119968612581337,0.6418015986538954,0.8007515928354665,-0.017172195257381055,0.06489149350299508,-0.15746984536897046,0.029722490815227195
datasail,traditional,logreg_l2_c1,logreg_l2_c1,ecfp_2048,logreg_l2_c1__ecfp_2048,5,0.7290639193653846,0.05395911858223278,0.5021200513661126,0.10736609663735852,0.7229403348245056,0.10228736682622958,0.4030349456506933,0.14871536401566185,0.2687261715469559,0.11753566616072804,complete,0.6620648244470183,0.7960630142837509,0.368807434543838,0.6354326681883872,0.5959337939653141,0.8499468756836971,0.21838043217267808,0.5876894591287085,0.12278636637028317,0.4146659767236286,5,0.5435606060606061,0.13886449510297463,0.3121073825526989,0.11529114364218715,0.7404255319148936,0.03155829143444965,0.16555555555555554,0.1875935980375966,0.0508486769690233,0.18979608408095167,0.37113756186249924,0.7159836502587129,0.168954520180456,0.45526024492494177,0.7012407375959151,0.779610326233872,-0.0673726614212369,0.398483772532348,-0.18481428763434937,0.28651164157239595
datasail,traditional,logreg_l2_c1,logreg_l2_c1,ecfp_2048_rdkit2d_normalized_200,logreg_l2_c1__ecfp_2048_rdkit2d_normalized_200,5,0.7374245346313979,0.061241790142693875,0.49263747907617406,0.10805713899512788,0.741382305259584,0.10442081367465181,0.44972246270094596,0.09893177039021402,0.31960139358799594,0.11368739180319061,complete,0.6613828086256646,0.8134662606371312,0.35846681983702344,0.6268081383153247,0.6117267402566253,0.8710378702625428,0.32688244512885584,0.5725624802730361,0.17843985213628819,0.46076293503970367,5,0.6268939393939394,0.1275291591060799,0.3618541371462093,0.1435894442407932,0.7319148936170212,0.06828428313140943,0.17347670250896058,0.15281133609675981,0.0673585544329248,0.21004435332116514,0.46854557381072004,0.7852423049771589,0.1835642937103292,0.5401439805820893,0.6471287576095974,0.816701029624445,-0.016263632039801773,0.3632170370577229,-0.1934459571119577,0.3281630659778073
datasail,traditional,logreg_l2_c1,logreg_l2_c1,rdkit2d_normalized_200,logreg_l2_c1__rdkit2d_normalized_200,5,0.6724931755090804,0.07264536006087624,0.36467248703054517,0.08032330785719484,0.6470254185565435,0.09264514897133289,0.4284075757491076,0.036180514997445214,0.2176031479921114,0.0683394012391382,complete,0.5822920472849406,0.7626943037332202,0.2649379274476286,0.4644070466134617,0.5319912724706147,0.7620595646424723,0.38348353284030845,0.47333161865790674,0.13274857381467162,0.30245772216955114,5,0.663888888888889,0.09165853575815429,0.4436207728179219,0.1399050542472158,0.7297872340425532,0.0758235305583211,0.36577085673473897,0.13411900040097824,0.2213989024561373,0.19234905186127801,0.5500797849099162,0.7776979928678618,0.2699057037924091,0.6173358418434347,0.6356398859315827,0.8239345821535237,0.19924012246176778,0.5323015910077101,-0.01743399032864082,0.4602317952409154
datasail,traditional,rf,rf,ecfp_1024,rf__ecfp_1024,5,0.7979429197691315,0.04481554711871728,0.5965079760192232,0.1211642088242935,0.7732574900273879,0.071137538862558,0.32171773314338076,0.24710326351049142,0.28032092177809853,0.24049557718940906,complete,0.7422970683520157,0.8535887711862472,0.4460627400512549,0.7469532119871916,0.6849285691009283,0.8615864109538475,0.01489850700374512,0.6285369592830163,-0.018293778145225648,0.5789356217014228,5,0.6121843434343435,0.07758944971775701,0.32364648382978867,0.06900649632998664,0.7659574468085106,0.0,0.0,0.0,0.0,0.0,0.5158443170793632,0.7085243697893238,0.2379636016946639,0.4093293659649134,0.7659574468085106,0.7659574468085106,0.0,0.0,0.0,0.0
datasail,traditional,rf,rf,ecfp_1024_rdkit2d_normalized_200,rf__ecfp_1024_rdkit2d_normalized_200,5,0.756207212843478,0.07642373408321687,0.5256825077004269,0.15425616162744288,0.7688236962385473,0.0751793870085215,0.2674585103636065,0.2596966401548944,0.21803952636490162,0.25712792306594623,complete,0.6613146136240495,0.8510998120629065,0.3341481853065298,0.717216830094324,0.6754761579830382,0.8621712344940564,-0.054997458171204494,0.5899144788984175,-0.10122695863899164,0.5373060113687949,5,0.6815025252525253,0.04697188190720162,0.46241536611760764,0.029197275535257437,0.7659574468085106,0.0,0.0,0.0,0.0,0.0,0.6231792305604742,0.7398258199445764,0.4261621602398429,0.4986685719953724,0.7659574468085106,0.7659574468085106,0.0,0.0,0.0,0.0
datasail,traditional,rf,rf,ecfp_2048,rf__ecfp_2048,5,0.8025535686010988,0.050372289354206255,0.601241084068849,0.13115050605570594,0.7801607630549382,0.0666105588940916,0.340278320802005,0.2723968056470439,0.3024244993235926,0.25561627074802473,complete,0.7400081104028781,0.8650990267993196,0.4383962223532739,0.7640859457844241,0.697452830175913,0.8628686959339634,0.0020530140043621414,0.6785036275996479,-0.014965021419336255,0.6198140200665214,5,0.6958964646464647,0.06812831093489513,0.4191827309006637,0.05028315527838091,0.7659574468085106,0.0,0.0,0.0,0.0,0.0,0.6113039937001734,0.780488935592756,0.35674794727540843,0.481617514525919,0.7659574468085106,0.7659574468085106,0.0,0.0,0.0,0.0
datasail,traditional,rf,rf,ecfp_2048_rdkit2d_normalized_200,rf__ecfp_2048_rdkit2d_normalized_200,5,0.7600537039856058,0.07579321844809864,0.5280156342150748,0.15970016938242138,0.7712672014512834,0.07440269306294645,0.27993995469308663,0.26298161369906486,0.22887660593764664,0.2540417052563796,complete,0.6659439933306082,0.8541634146406034,0.3297216833858787,0.7263095850442709,0.6788840561056176,0.8636503467969491,-0.046594847226572644,0.606474756612746,-0.08655783352149243,0.5443110453967857,5,0.6762626262626263,0.038598357842199414,0.4588474158913911,0.055774699308625386,0.7659574468085106,0.0,0.0,0.0,0.0,0.0,0.6283364349401813,0.7241888175850714,0.3895939797492305,0.5281008520335517,0.7659574468085106,0.7659574468085106,0.0,0.0,0.0,0.0
datasail,traditional,rf,rf,rdkit2d_normalized_200,rf__rdkit2d_normalized_200,5,0.7191493143492969,0.07733730097824137,0.4900593917624855,0.12997162264545858,0.7684469682533266,0.07189648601466256,0.30575833439930805,0.14047436405596495,0.28001635969910177,0.11263377046875782,complete,0.6231223720063657,0.815176256692228,0.3286783071354942,0.6514404763894768,0.6791756899715595,0.8577182465350937,0.13133637388044717,0.48018029491816894,0.14016306192609862,0.4198696574721049,5,0.6595959595959596,0.03689308272534688,0.4565610863484273,0.03841722725360655,0.7680851063829788,0.0047575914414888995,0.017391304347826087,0.038888138739126776,0.037518323968843345,0.08389352279619341,0.6137871469931431,0.7054047721987762,0.40885979835681147,0.5042623743400431,0.7621777763719196,0.7739924363940379,-0.030894697481700848,0.06567730617735303,-0.06664924296967699,0.14168589090736367
datasail,traditional,svm,svm,ecfp_1024,svm__ecfp_1024,5,0.7766500476546221,0.06372557929795676,0.5739751064782155,0.1397178185389796,0.7887444508211516,0.03971727756311707,0.2527536925585706,0.2323415947603854,0.24573934981036966,0.22434440734101052,complete,0.69752429007567,0.8557758052335742,0.4004925212907977,0.7474576916656333,0.739428937164363,0.8380599644779403,-0.03573650094064884,0.5412438860577901,-0.03282102398332387,0.5242997236040632,5,0.4035353535353535,0.05488141253551773,0.22378415818029582,0.03647122624284615,0.7617021276595745,0.0058268357181400195,0.0,0.0,-0.02292786464762649,0.03139527165732566,0.33539107941943225,0.4716796276512748,0.17849914958420934,0.2690691667763823,0.7544671555249122,0.7689370997942367,0.0,0.0,-0.06191024317835486,0.01605451388310188
datasail,traditional,svm,svm,ecfp_1024_rdkit2d_normalized_200,svm__ecfp_1024_rdkit2d_normalized_200,5,0.7702016845322401,0.07710791460924692,0.5744744888178547,0.15074990036464733,0.7876858918464076,0.038659428010669794,0.2702627440045634,0.2257391867673042,0.262155380968767,0.21610456663809471,complete,0.674459562985368,0.8659438060791123,0.38729376480226724,0.7616552128334422,0.7396838718944087,0.8356879117984065,-0.010029477188194302,0.5505549651973212,-0.00617387927318197,0.530484641210716,5,0.44722222222222224,0.08643758094694223,0.2439762653203504,0.04922527416094421,0.7659574468085106,0.0,0.0,0.0,0.0,0.0,0.33989578986858027,0.5545486545758642,0.18285501459299586,0.30509751604770496,0.7659574468085106,0.7659574468085106,0.0,0.0,0.0,0.0
datasail,traditional,svm,svm,ecfp_2048,svm__ecfp_2048,5,0.7907180155692572,0.0642906970196783,0.60282208044828,0.145579544069603,0.8016199428998452,0.03498022370220084,0.271604186578876,0.23627903181441579,0.28015060686610527,0.22804582525378975,complete,0.7108905716604965,0.870545459478018,0.42206120170213535,0.7835829591944247,0.7581862584797083,0.845053627319982,-0.021774980755526474,0.5649833539132785,-0.003005684292192723,0.5633068980244033,5,0.4869949494949495,0.0776266179187863,0.2822574238367914,0.026377233984040183,0.7638297872340425,0.0047575914414888605,0.0,0.0,-0.011463932323813245,0.025634131965503546,0.39060877272287314,0.5833811262670259,0.24950576202661182,0.315009085646971,0.7579224572229835,0.7697371172451015,0.0,0.0,-0.04329291111058335,0.020365046462956865
datasail,traditional,svm,svm,ecfp_2048_rdkit2d_normalized_200,svm__ecfp_2048_rdkit2d_normalized_200,5,0.7897661069525499,0.08157070908916406,0.6079701090979494,0.15513522487553522,0.8004573800291898,0.03385363111001101,0.2730213183043372,0.2224516758427717,0.2826346383415108,0.21551973034664165,complete,0.6884826941685821,0.8910495197365177,0.4153442855167519,0.8005959326791467,0.758422545071418,0.8424922149869615,-0.003188918929726947,0.5492315555384013,0.015031548267502137,0.5502377284155195,5,0.5285353535353535,0.08429318839947827,0.30075215425509716,0.03194102382734178,0.7659574468085106,0.0,0.0,0.0,0.0,0.0,0.423871536205914,0.633199170864793,0.2610921349029182,0.3404121736072761,0.7659574468085106,0.7659574468085106,0.0,0.0,0.0,0.0
datasail,traditional,svm,svm,rdkit2d_normalized_200,svm__rdkit2d_normalized_200,5,0.7186697398715242,0.08290572854459961,0.4356253500686016,0.11490721596096415,0.7484876230927809,0.07110326040873383,0.336807305041816,0.13672368688306635,0.23669707083256758,0.10823958938384147,complete,0.6157286814928404,0.8216107982502079,0.2929491968760472,0.578301503261156,0.6602012644883489,0.836773981697213,0.16704242533742797,0.506572184746204,0.10229986951429304,0.3710942721508421,5,0.7840909090909092,0.06166704669428481,0.6046302521883902,0.11402110928120798,0.7723404255319148,0.005826835718140039,0.1075098814229249,0.14963489339619,0.12858830205386895,0.12186156696283448,0.7075211573350652,0.8606606608467532,0.4630543457586569,0.7462061586181234,0.7651054533972526,0.7795753976665771,-0.07828637858218272,0.2933061414280325,-0.022722818408580148,0.27989942251631805
datasail,traditional,tabpfn,tabpfn,ecfp_1024,tabpfn__ecfp_1024,5,0.7880368350093226,0.0550390152199924,0.5619396749218943,0.13312979210832918,0.7531206194131939,0.06613442702766952,0.25439599888858017,0.26875250789454125,0.17073571215874223,0.24744521228735342,complete,0.7196968713140689,0.8563767987045764,0.3966372049726301,0.7272421448711586,0.6710038823311025,0.8352373564952852,-0.0793043145910452,0.5880963123682055,-0.13650809946635278,0.47797952378383723,5,0.538699494949495,0.09488344434577223,0.27844119674966583,0.053216993052285555,0.7617021276595745,0.009515182882977835,0.0,0.0,-0.01630032156406086,0.03644862707234577,0.42088613807977887,0.656512851819211,0.2123635723839829,0.34451882111534876,0.7498874676374562,0.7735167876816927,0.0,0.0,-0.061557269583747756,0.028956626455626036
datasail,traditional,tabpfn,tabpfn,ecfp_1024_rdkit2d_normalized_200,tabpfn__ecfp_1024_rdkit2d_normalized_200,5,0.7754865983551341,0.0662720680299781,0.5773809708953627,0.1385014151182927,0.7767604923607592,0.07295084344225361,0.37982886111516906,0.19350608962210214,0.3369215243861957,0.15697818520268877,complete,0.6931989573957995,0.8577742393144687,0.40540875004270377,0.7493531917480216,0.6861800564199135,0.8673409283016048,0.13955931619821335,0.6200984060321247,0.14200736331665384,0.5318356854557376,5,0.6378156565656565,0.034405552065507584,0.40350983942348667,0.0939611446160686,0.7680851063829788,0.0047575914414888995,0.03405797101449275,0.04665338725455036,0.056041416655276136,0.08376311538929339,0.5950955212275906,0.6805357919037225,0.28684166892369667,0.5201780099232767,0.7621777763719196,0.7739924363940379,-0.02386986033374089,0.09198580236272638,-0.04796422810099733,0.16004706141154962
datasail,traditional,tabpfn,tabpfn,ecfp_2048,tabpfn__ecfp_2048,5,0.7953279772885816,0.05136853285861535,0.5874060762986447,0.1379461987648376,0.7590332708643068,0.0626332188922574,0.27820423028435354,0.25782901555297894,0.19867215233024335,0.2138818742095658,complete,0.7315455193974918,0.8591104351796715,0.416123247603285,0.7586889049940044,0.6812638578741749,0.8368026838544388,-0.04193277602009937,0.5983412365888064,-0.06689727074412119,0.46424157540460786,5,0.7053661616161617,0.09330884965717057,0.4714395430664478,0.08304359539514318,0.7680851063829788,0.004757591441488908,0.017391304347826087,0.038888138739126776,0.037518323968843345,0.08389352279619341,0.5895079222830452,0.8212244009492783,0.36832730038289846,0.5745517857499972,0.7621777763719196,0.7739924363940379,-0.030894697481700848,0.06567730617735303,-0.06664924296967699,0.14168589090736367
datasail,traditional,tabpfn,tabpfn,ecfp_2048_rdkit2d_normalized_200,tabpfn__ecfp_2048_rdkit2d_normalized_200,5,0.785078808189092,0.0692011732688182,0.5821409287111547,0.13605238157916866,0.7706710571924,0.08800352407767248,0.3835590739863349,0.20294031340566435,0.31593846511637524,0.19972671500094405,complete,0.6991542027077396,0.8710034136704444,0.4132095846344197,0.7510722727878898,0.6614002496300958,0.8799418647547043,0.13157539304633226,0.6355427549263375,0.06794499362019887,0.5639319366125516,5,0.6811868686868687,0.0857468147813874,0.479149536219332,0.07756436879082645,0.7680851063829788,0.004757591441488908,0.017391304347826087,0.038888138739126776,0.037518323968843345,0.08389352279619341,0.5747181358121735,0.787655601561564,0.382840651948363,0.575458420490301,0.7621777763719196,0.7739924363940379,-0.030894697481700848,0.06567730617735303,-0.06664924296967699,0.14168589090736367
datasail,traditional,tabpfn,tabpfn,rdkit2d_normalized_200,tabpfn__rdkit2d_normalized_200,5,0.7224306250232145,0.10030965715837899,0.5187676732849883,0.1353981078996005,0.7376591951105068,0.1040367818651291,0.3970409720997956,0.1378340590423077,0.2763909661889806,0.20247469234745233,complete,0.5978797350574926,0.8469815149889365,0.3506487172811454,0.6868866292888312,0.6084804685795975,0.8668379216414162,0.22589738326066983,0.5681845609389213,0.024985430153765364,0.5277965022241959,5,0.6765151515151515,0.02645721785438192,0.43852677385325106,0.04663717119753222,0.7680851063829788,0.0047575914414888605,0.048160535117056855,0.0700587075466283,0.06400339589233202,0.08978435035800145,0.6436641766127316,0.7093661264175715,0.38061907739920964,0.4964344703072925,0.7621777763719197,0.7739924363940378,-0.03882883980427802,0.13514991003839172,-0.04747859954931184,0.1754853913339759
datasail,traditional,xgb,xgb,ecfp_1024,xgb__ecfp_1024,5,0.700178389206104,0.10068155348339088,0.4665420439611407,0.18509387601899707,0.7599349407077286,0.10466039768027983,0.3568211972758819,0.26168260632854934,0.27565112748734755,0.26739583776933035,complete,0.5751657289625505,0.8251910494496575,0.23671764182036056,0.6963664461019208,0.6299818928704362,0.889887988545021,0.03189932604159307,0.6817430685101707,-0.05636465754036485,0.60766691251506,5,0.6383838383838384,0.10775629353569739,0.3327370505630659,0.06817176550980004,0.7553191489361702,0.015044825131628676,0.0,0.0,-0.03637344795061069,0.050250954148841384,0.5045867281206857,0.772180948646991,0.24809062363555795,0.41738347749057386,0.7366385312109557,0.7739997666613848,0.0,0.0,-0.09876824859261524,0.02602135269139385
datasail,traditional,xgb,xgb,ecfp_1024_rdkit2d_normalized_200,xgb__ecfp_1024_rdkit2d_normalized_200,5,0.750255413789998,0.0789561197140246,0.5359184853313831,0.13510313790604528,0.7575670147993403,0.10827546891395093,0.4216326458616231,0.1416147191191565,0.30624605228343055,0.1762296797559479,complete,0.652218442503227,0.8482923850767691,0.3681657829490881,0.7036711877136781,0.6231252631602564,0.8920087664384242,0.24579474751562785,0.5974705442076182,0.08742800351549093,0.5250641010513701,5,0.6933080808080808,0.0386041656290868,0.45521011939284417,0.05854806339393249,0.776595744680851,0.007522412565814386,0.08550724637681159,0.0589589727733565,0.16590147884345646,0.09887060882081025,0.6453746781657484,0.7412414834504132,0.3825130969120464,0.527907141873642,0.7672554358182436,0.7859360535434584,0.012300012513058747,0.15871448024056445,0.043137403390168624,0.2886655542967443
datasail,traditional,xgb,xgb,ecfp_2048,xgb__ecfp_2048,5,0.6704723226032503,0.13933469688516162,0.4348130934048832,0.1993079611796508,0.7512544545272425,0.09974117314541622,0.3463901689708141,0.23370033300048162,0.2555515450038642,0.24487133380291767,complete,0.4974654457803106,0.84347919942619,0.18733957345271693,0.6822866133570495,0.6274094306939708,0.8750994783605142,0.05621287911588446,0.6365674588257437,-0.04849637437135568,0.559599464379084,5,0.7071969696969698,0.04954581492676725,0.40473732255848605,0.09237172251162346,0.7595744680851064,0.014272774324466737,0.0,0.0,-0.020073126386549827,0.04488487512127013,0.6456777150407361,0.7687162243532034,0.2900426802637348,0.5194319648532373,0.741852478051929,0.7772964581182839,0.0,0.0,-0.07580505988850286,0.035658807115403215
datasail,traditional,xgb,xgb,ecfp_2048_rdkit2d_normalized_200,xgb__ecfp_2048_rdkit2d_normalized_200,5,0.7248395124853113,0.10880264478212102,0.5158794801549198,0.1620679025718378,0.7506986449151857,0.10928882207707181,0.4199933549708662,0.14213628883671192,0.295791798833503,0.1807176408273429,complete,0.5897431855499987,0.8599358394206239,0.31464560026707317,0.7171133600427664,0.6149986491359887,0.8863986406943827,0.24350784228402908,0.5964788676577033,0.07140121037787217,0.5201823872891338,5,0.6957070707070707,0.03594051850376331,0.4508593627771301,0.062355737798986566,0.778723404255319,0.011653671436280173,0.11143317230273753,0.10998755130757783,0.17592064291535997,0.1131500011583575,0.6510810228041715,0.74033311860997,0.37343448807069474,0.5282842374835655,0.7642534599859944,0.7931933485246437,-0.025134410406471464,0.24800075501194652,0.035426360080312996,0.316414925750407
datasail,traditional,xgb,xgb,rdkit2d_normalized_200,xgb__rdkit2d_normalized_200,5,0.7324303534617583,0.08492562622165545,0.4988263786614671,0.10716078483450912,0.7397967828821541,0.10261014616232178,0.38676003734827263,0.10270286148285837,0.24808549876905045,0.14517322992096307,complete,0.626981260857419,0.8378794460660977,0.365768690113197,0.6318840672097372,0.6123894585419728,0.8672041072223354,0.2592375917324991,0.5142824829640462,0.06782912567323279,0.4283418718648681,5,0.670959595959596,0.06986699954372108,0.4195755071593291,0.04660518788578251,0.776595744680851,0.007522412565814386,0.11884057971014492,0.125678164572051,0.16888053191581362,0.10281402502270279,0.5842082579636385,0.7577109339555534,0.36170752323203065,0.4774434910866276,0.7672554358182436,0.7859360535434584,-0.03720947259929888,0.27489063201958874,0.04122005853470237,0.29654100529692484
