sample_id,smiles,scaffold,label
11,COC(=O)/C=C/C(=O)N[C@@H]1CC[C@@]2(O)[C@H]3Cc4ccc(O)c5c4[C@@]2(CCN3CC2CC2)[C@H]1O5,c1cc2c3c(c1)OC1CCCC4C(C2)N(CC2CC2)CCC314,1
18,C[C@H]1C2Cc3ccc4c(N)ncnc4c3[C@@]1(C)CCN2CC1CC1,c1ncc2ccc3c(c2n1)C1CCN(CC2CC2)C(C3)C1,1
33,COc1ccc2c3c1O[C@H]1C(=O)CC[C@@]4(NCCCCc5ccc(Cl)cc5)[C@@H](C2)N(CC2CC2)CC[C@]314,O=C1CCC2(NCCCCc3ccccc3)C3Cc4cccc5c4C2(CCN3CC2CC2)C1O5,1
38,O=C1CC[C@@]2(NCCCc3ccc(Cl)cc3)[C@H]3Cc4ccc(O)c5c4[C@@]2(CCN3CC2CC2)[C@H]1O5,O=C1CCC2(NCCCc3ccccc3)C3Cc4cccc5c4C2(CCN3CC2CC2)C1O5,1
48,C[C@H]1C2Cc3cc4nn[nH]c4cc3[C@@]1(C)CCN2CC1CC1,c1c2c(cc3[nH]nnc13)C1CCN(CC3CC3)C(C2)C1,1
49,O=C(CCc1ccc(Cl)cc1)N[C@@]12CCC(=O)[C@@H]3Oc4c(O)ccc5c4[C@@]31CCN(CC1CC1)[C@@H]2C5,O=C(CCc1ccccc1)NC12CCC(=O)C3Oc4cccc5c4C31CCN(CC1CC1)C2C5,1
50,COc1ccc2c3c1O[C@H]1C(=O)CC[C@@]4(NC(=O)/C=C/c5ccc(Cl)cc5)[C@@H](C2)N(CC2CC2)CC[C@]314,O=C(C=Cc1ccccc1)NC12CCC(=O)C3Oc4cccc5c4C31CCN(CC1CC1)C2C5,1
53,O=C(C#Cc1ccc(Cl)cc1)N[C@@]12CCC(=O)[C@@H]3Oc4c(O)ccc5c4[C@@]31CCN(CC1CC1)[C@@H]2C5,O=C(C#Cc1ccccc1)NC12CCC(=O)C3Oc4cccc5c4C31CCN(CC1CC1)C2C5,1
58,NC(=O)c1cccc([C@H]2C[C@H]3CC[C@@H](C2)N3CCN(CC2CCOCC2)C(=O)CO)c1,c1ccc(C2CC3CCC(C2)N3CCNCC2CCOCC2)cc1,1
62,NC(=O)c1cccc([C@H]2C[C@H]3CC[C@@H](C2)N3CCN(Cc2ccccc2)C(=O)CO)c1,c1ccc(CNCCN2C3CCC2CC(c2ccccc2)C3)cc1,1
66,O=C1CC[C@@]2(NCC#Cc3ccc(Cl)cc3)[C@H]3Cc4ccc(O)c5c4[C@@]2(CCN3CC2CC2)[C@H]1O5,O=C1CCC2(NCC#Cc3ccccc3)C3Cc4cccc5c4C2(CCN3CC2CC2)C1O5,1
74,C[C@H]1C2Cc3ccc4[nH]nnc4c3[C@@]1(C)CCN2CC1CC1,c1cc2[nH]nnc2c2c1CC1CC2CCN1CC1CC1,1
88,COc1ccc2c3c1O[C@H]1C(=O)CC[C@@]4(NC(=O)CCCc5ccc(Cl)cc5)[C@@H](C2)N(CC2CC2)CC[C@]314,O=C(CCCc1ccccc1)NC12CCC(=O)C3Oc4cccc5c4C31CCN(CC1CC1)C2C5,1
93,CCC(CC)CN(CCCCN1[C@@H]2CC[C@H]1C[C@@H](c1cccc(C(N)=O)c1)C2)C(=O)CO,c1ccc(C2CC3CCC(C2)N3)cc1,1
104,CC1(C)CN2C(CS/C(N)=N\[C@H]3CC[C@H](CNC(=O)COCC(=O)NCCCCNC(=O)COCC(=O)N[C@@H]4CC[C@@]5(O)[C@H]6Cc7ccc(O)c8c7[C@@]5(CCN6CC5CC5)[C@H]4O8)CC3)=CSC2=N1,O=C(COCC(=O)NCC1CCC(N=CSCC2=CSC3=NCCN23)CC1)NCCCCNC(=O)COCC(=O)NC1CCC2C3Cc4cccc5c4C2(CCN3CC2CC2)C1O5,1
105,O=C(/C=C/c1ccc(Cl)cc1)N[C@@]12CCC(=O)[C@@H]3Oc4c(O)ccc5c4[C@@]31CCN(CC1CC1)[C@@H]2C5,O=C(C=Cc1ccccc1)NC12CCC(=O)C3Oc4cccc5c4C31CCN(CC1CC1)C2C5,1
107,NC(=O)c1cccc([C@H]2C[C@H]3CC[C@@H](C2)N3CCN(CC2CCC(F)(F)CC2)C(=O)CO)c1,c1ccc(C2CC3CCC(C2)N3CCNCC2CCCCC2)cc1,1
109,CC1(C)CN2C(CS/C(=N/[C@H]3CC[C@H](CNC(=O)COCC(=O)NCCCCNC(=O)COCC(=O)N[C@@H]4CC[C@@]5(O)[C@H]6Cc7ccc(O)c8c7[C@@]5(CCN6CC5CC5)[C@H]4O8)CC3)NC3CCCCC3)=CSC2=N1,O=C(COCC(=O)NCC1CCC(N=C(NC2CCCCC2)SCC2=CSC3=NCCN23)CC1)NCCCCNC(=O)COCC(=O)NC1CCC2C3Cc4cccc5c4C2(CCN3CC2CC2)C1O5,1
114,NC(=O)c1ccc(CN2CCC(n3c(=O)[nH]c4ccccc43)CC2)cc1,O=c1[nH]c2ccccc2n1C1CCN(Cc2ccccc2)CC1,1
118,CC(C)(C)c1ccc(C(=O)N[C@@H]2CC[C@@]3(O)[C@H]4Cc5ccc(O)c6c5[C@@]3(CCN4CC3CC3)[C@H]2O6)cc1,O=C(NC1CCC2C3Cc4cccc5c4C2(CCN3CC2CC2)C1O5)c1ccccc1,1
126,COc1ccc2c3c1O[C@H]1C(=O)CC[C@@]4(NC(=O)CCc5ccc(Cl)cc5)[C@@H](C2)N(CC2CC2)CC[C@]314,O=C(CCc1ccccc1)NC12CCC(=O)C3Oc4cccc5c4C31CCN(CC1CC1)C2C5,1
128,COc1ccc2c3c1O[C@H]1C(=O)CC[C@@]4(NCCCc5ccc(Cl)cc5)[C@@H](C2)N(CC2CC2)CC[C@]314,O=C1CCC2(NCCCc3ccccc3)C3Cc4cccc5c4C2(CCN3CC2CC2)C1O5,1
131,NC(=O)c1cccc([C@H]2C[C@H]3CC[C@@H](C2)N3CCN(CCCc2ccccc2)C(=O)CO)c1,c1ccc(CCCNCCN2C3CCC2CC(c2ccccc2)C3)cc1,1
133,O=C1CC[C@@]2(NCCCCc3ccc(Cl)cc3)[C@H]3Cc4ccc(O)c5c4[C@@]2(CCN3CC2CC2)[C@H]1O5,O=C1CCC2(NCCCCc3ccccc3)C3Cc4cccc5c4C2(CCN3CC2CC2)C1O5,1
134,COc1ccc2c3c1O[C@H]1C(=O)CC[C@@]4(NCC/C=C/c5ccc(Cl)cc5)[C@@H](C2)N(CC2CC2)CC[C@]314,O=C1CCC2(NCCC=Cc3ccccc3)C3Cc4cccc5c4C2(CCN3CC2CC2)C1O5,1
136,COc1ccc2c3c1O[C@H]1C(=O)CC[C@@]4(NC(=O)/C=C/Cc5ccc(Cl)cc5)[C@@H](C2)N(CC2CC2)CC[C@]314,O=C(C=CCc1ccccc1)NC12CCC(=O)C3Oc4cccc5c4C31CCN(CC1CC1)C2C5,1
142,C[C@H]1C2Cc3ccc(C(N)=O)c(N)c3[C@@]1(C)CCN2CC1CC1,c1ccc2c(c1)CC1CC2CCN1CC1CC1,1
146,CCC(CC)CN(CCCCCCN1[C@@H]2CC[C@H]1C[C@@H](c1cccc(C(N)=O)c1)C2)C(=O)CO,c1ccc(C2CC3CCC(C2)N3)cc1,1
148,C[C@H]1C2Cc3ccc4c(=O)[nH]cnc4c3[C@@]1(C)CCN2CC1CC1,O=c1[nH]cnc2c3c(ccc12)CC1CC3CCN1CC1CC1,1
150,O=C(CCCc1ccc(Cl)cc1)N[C@@]12CCC(=O)[C@@H]3Oc4c(O)ccc5c4[C@@]31CCN(CC1CC1)[C@@H]2C5,O=C(CCCc1ccccc1)NC12CCC(=O)C3Oc4cccc5c4C31CCN(CC1CC1)C2C5,1
155,O=C(NC1CCC2(O)C3Cc4ccc(O)c5c4C2(CCN3CC2CC2)C1O5)c1ccncc1F,O=C(NC1CCC2C3Cc4cccc5c4C2(CCN3CC2CC2)C1O5)c1ccncc1,1
159,CCC(CC)CN(CCN1[C@@H]2CC[C@H]1C[C@@H](c1cccc(C(N)=O)c1)C2)C(=O)CO,c1ccc(C2CC3CCC(C2)N3)cc1,1
169,COc1ccc2c3c1O[C@H]1C(=O)CC[C@@]4(NC/C=C/Cc5ccc(Cl)cc5)[C@@H](C2)N(CC2CC2)CC[C@]314,O=C1CCC2(NCC=CCc3ccccc3)C3Cc4cccc5c4C2(CCN3CC2CC2)C1O5,1
175,O=C(N[C@@H]1CC[C@@]2(O)[C@H]3Cc4ccc(O)c5c4[C@@]2(CCN3CC2CC2)[C@H]1O5)c1ccc2ccccc2c1,O=C(NC1CCC2C3Cc4cccc5c4C2(CCN3CC2CC2)C1O5)c1ccc2ccccc2c1,1
194,CCCCCCN(CCN1[C@@H]2CC[C@H]1C[C@@H](c1cccc(C(N)=O)c1)C2)C(=O)CO,c1ccc(C2CC3CCC(C2)N3)cc1,1
195,O=C1CC[C@@]2(NC/C=C/Cc3ccc(Cl)cc3)[C@H]3Cc4ccc(O)c5c4[C@@]2(CCN3CC2CC2)[C@H]1O5,O=C1CCC2(NCC=CCc3ccccc3)C3Cc4cccc5c4C2(CCN3CC2CC2)C1O5,1
198,COc1ccc2c3c1O[C@H]1C(=O)CC[C@@]4(NC(=O)C/C=C/c5ccc(Cl)cc5)[C@@H](C2)N(CC2CC2)CC[C@]314,O=C(CC=Cc1ccccc1)NC12CCC(=O)C3Oc4cccc5c4C31CCN(CC1CC1)C2C5,1
203,O=C(C/C=C/c1ccc(Cl)cc1)N[C@@]12CCC(=O)[C@@H]3Oc4c(O)ccc5c4[C@@]31CCN(CC1CC1)[C@@H]2C5,O=C(CC=Cc1ccccc1)NC12CCC(=O)C3Oc4cccc5c4C31CCN(CC1CC1)C2C5,1
208,CCC(CC)CN(CCCN1[C@@H]2CC[C@H]1C[C@@H](c1cccc(C(N)=O)c1)C2)C(=O)CO,c1ccc(C2CC3CCC(C2)N3)cc1,1
214,NC(=O)c1cccc([C@H]2C[C@H]3CC[C@@H](C2)N3CCN(CCc2ccccc2)C(=O)CO)c1,c1ccc(CCNCCN2C3CCC2CC(c2ccccc2)C3)cc1,1
223,CCC(CC)CN(CCCCCN1[C@@H]2CC[C@H]1C[C@@H](c1cccc(C(N)=O)c1)C2)C(=O)CO,c1ccc(C2CC3CCC(C2)N3)cc1,1
225,Cc1ccc(C(=O)N[C@@H]2CC[C@@]3(O)[C@H]4Cc5ccc(O)c6c5[C@@]3(CCN4CC3CC3)[C@H]2O6)cc1,O=C(NC1CCC2C3Cc4cccc5c4C2(CCN3CC2CC2)C1O5)c1ccccc1,1
227,O=C1CC[C@@]2(NCC/C=C/c3ccc(Cl)cc3)[C@H]3Cc4ccc(O)c5c4[C@@]2(CCN3CC2CC2)[C@H]1O5,O=C1CCC2(NCCC=Cc3ccccc3)C3Cc4cccc5c4C2(CCN3CC2CC2)C1O5,1
245,O=C(N[C@H]1CC[C@@]2(O)[C@H]3Cc4ccc(O)c5c4[C@@]2(CCN3CC2CC2)[C@H]1O5)c1ccncc1,O=C(NC1CCC2C3Cc4cccc5c4C2(CCN3CC2CC2)C1O5)c1ccncc1,0
246,O=C(N[C@@H]1CC[C@@]2(O)[C@H]3Cc4ccc(O)c5c4[C@@]2(CCN3CC2CC2)[C@H]1O5)c1ccncc1,O=C(NC1CCC2C3Cc4cccc5c4C2(CCN3CC2CC2)C1O5)c1ccncc1,0
247,O=C1Cc2ccccc2N1C1CCN(C2CCC3CCCc4cccc2c43)CC1,O=C1Cc2ccccc2N1C1CCN(C2CCC3CCCc4cccc2c43)CC1,0
248,O=C1Cc2ccccc2N1C1CCN([C@H]2CC[C@@H]3CCCc4cccc2c43)CC1,O=C1Cc2ccccc2N1C1CCN(C2CCC3CCCc4cccc2c43)CC1,0
249,O=C1Cc2ccccc2N1C1CCN([C@@H]2CC[C@@H]3CCCc4cccc2c43)CC1,O=C1Cc2ccccc2N1C1CCN(C2CCC3CCCc4cccc2c43)CC1,0
250,O=C(N[C@H]1CC[C@@]2(O)[C@H]3Cc4ccc(O)c5c4[C@@]2(CCN3CC2CC2)[C@H]1O5)c1cnc2ccccc2c1,O=C(NC1CCC2C3Cc4cccc5c4C2(CCN3CC2CC2)C1O5)c1cnc2ccccc2c1,0
251,O=C(N[C@@H]1CC[C@@]2(O)[C@H]3Cc4ccc(O)c5c4[C@@]2(CCN3CC2CC2)[C@H]1O5)c1cnc2ccccc2c1,O=C(NC1CCC2C3Cc4cccc5c4C2(CCN3CC2CC2)C1O5)c1cnc2ccccc2c1,0
258,CC1[C@@H]2Cc3ccc(O)cc3[C@]1(C)CCN2CC1CC1,c1ccc2c(c1)CC1CC2CCN1CC1CC1,0
259,C[C@H]1[C@H]2Cc3ccc(O)cc3[C@]1(C)CCN2CC1CC1,c1ccc2c(c1)CC1CC2CCN1CC1CC1,0
262,O=C(N[C@H]1CC[C@@]2(O)[C@H]3Cc4ccc(O)c5c4[C@@]2(CCN3CC2CC2)[C@H]1O5)c1c[nH]c2ncccc12,O=C(NC1CCC2C3Cc4cccc5c4C2(CCN3CC2CC2)C1O5)c1c[nH]c2ncccc12,0
263,O=C(N[C@@H]1CC[C@@]2(O)[C@H]3Cc4ccc(O)c5c4[C@@]2(CCN3CC2CC2)[C@H]1O5)c1c[nH]c2ncccc12,O=C(NC1CCC2C3Cc4cccc5c4C2(CCN3CC2CC2)C1O5)c1c[nH]c2ncccc12,0
264,O=C(N[C@@H]1CC[C@@]2(O)[C@H]3Cc4ccc(O)c5c4[C@@]2(CCN3CC2CC2)[C@H]1O5)c1c[nH]c2cccnc12,O=C(NC1CCC2C3Cc4cccc5c4C2(CCN3CC2CC2)C1O5)c1c[nH]c2cccnc12,0
265,O=C(N[C@H]1CC[C@@]2(O)[C@H]3Cc4ccc(O)c5c4[C@@]2(CCN3CC2CC2)[C@H]1O5)c1c[nH]c2cccnc12,O=C(NC1CCC2C3Cc4cccc5c4C2(CCN3CC2CC2)C1O5)c1c[nH]c2cccnc12,0
269,C[C@@H]1[C@@H]2Cc3ccc(C(N)=O)cc3[C@@]1(C)CCN2C[C@H]1CCCO1,c1ccc2c(c1)CC1CC2CCN1CC1CCCO1,0
270,C[C@@H]1[C@@H]2Cc3ccc(C(N)=O)cc3[C@@]1(C)CCN2C[C@@H]1CCCO1,c1ccc2c(c1)CC1CC2CCN1CC1CCCO1,0
271,CC1C2Cc3ccc(C(N)=O)cc3C1(C)CCN2CC1CC1,c1ccc2c(c1)CC1CC2CCN1CC1CC1,0
272,C[C@H]1C2Cc3ccc(C(N)=O)cc3[C@@]1(C)CCN2CC1CC1,c1ccc2c(c1)CC1CC2CCN1CC1CC1,0
275,CCC1C(=O)N(C2CCN([C@H]3CC[C@@H]4CCCc5cccc3c54)CC2)c2ccccc21,O=C1Cc2ccccc2N1C1CCN(C2CCC3CCCc4cccc2c43)CC1,0
276,CCC1C(=O)N(C2CCN([C@@H]3CC[C@@H]4CCCc5cccc3c54)CC2)c2ccccc21,O=C1Cc2ccccc2N1C1CCN(C2CCC3CCCc4cccc2c43)CC1,0
288,O=C(N[C@H]1CC[C@@]2(O)[C@H]3Cc4ccc(O)c5c4[C@@]2(CCN3CC2CC2)[C@H]1O5)c1cccnc1,O=C(NC1CCC2C3Cc4cccc5c4C2(CCN3CC2CC2)C1O5)c1cccnc1,0
289,O=C(N[C@@H]1CC[C@@]2(O)[C@H]3Cc4ccc(O)c5c4[C@@]2(CCN3CC2CC2)[C@H]1O5)c1cccnc1,O=C(NC1CCC2C3Cc4cccc5c4C2(CCN3CC2CC2)C1O5)c1cccnc1,0
296,O=C(N[C@@H]1CC[C@@]2(O)[C@H]3Cc4ccc(O)c5c4[C@@]2(CCN3CC2CC2)[C@H]1O5)c1n[nH]c2ccccc12,O=C(NC1CCC2C3Cc4cccc5c4C2(CCN3CC2CC2)C1O5)c1n[nH]c2ccccc12,0
297,O=C(N[C@H]1CC[C@@]2(O)[C@H]3Cc4ccc(O)c5c4[C@@]2(CCN3CC2CC2)[C@H]1O5)c1n[nH]c2ccccc12,O=C(NC1CCC2C3Cc4cccc5c4C2(CCN3CC2CC2)C1O5)c1n[nH]c2ccccc12,0
298,O=C(N[C@H]1CC[C@@]2(O)[C@H]3Cc4ccc(O)c5c4[C@@]2(CCN3CC2CC2)[C@H]1O5)c1ccc2ccccc2n1,O=C(NC1CCC2C3Cc4cccc5c4C2(CCN3CC2CC2)C1O5)c1ccc2ccccc2n1,0
299,O=C(N[C@@H]1CC[C@@]2(O)[C@H]3Cc4ccc(O)c5c4[C@@]2(CCN3CC2CC2)[C@H]1O5)c1ccc2ccccc2n1,O=C(NC1CCC2C3Cc4cccc5c4C2(CCN3CC2CC2)C1O5)c1ccc2ccccc2n1,0
306,O=C(N[C@@H]1CC[C@@]2(O)[C@H]3Cc4ccc(O)c5c4[C@@]2(CCN3CC2CC2)[C@H]1O5)c1ccccn1,O=C(NC1CCC2C3Cc4cccc5c4C2(CCN3CC2CC2)C1O5)c1ccccn1,0
307,O=C(N[C@H]1CC[C@@]2(O)[C@H]3Cc4ccc(O)c5c4[C@@]2(CCN3CC2CC2)[C@H]1O5)c1ccccn1,O=C(NC1CCC2C3Cc4cccc5c4C2(CCN3CC2CC2)C1O5)c1ccccn1,0
310,O=C(N[C@@H]1CC[C@@]2(O)[C@H]3Cc4ccc(O)c5c4[C@@]2(CCN3CC2CC2)[C@H]1O5)c1c[nH]c2cnccc12,O=C(NC1CCC2C3Cc4cccc5c4C2(CCN3CC2CC2)C1O5)c1c[nH]c2cnccc12,0
311,O=C(N[C@H]1CC[C@@]2(O)[C@H]3Cc4ccc(O)c5c4[C@@]2(CCN3CC2CC2)[C@H]1O5)c1c[nH]c2cnccc12,O=C(NC1CCC2C3Cc4cccc5c4C2(CCN3CC2CC2)C1O5)c1c[nH]c2cnccc12,0
312,O=C(N[C@@H]1CC[C@@]2(O)[C@H]3Cc4ccc(O)c5c4[C@@]2(CCN3CC2CC2)[C@H]1O5)c1c[nH]c2ccncc12,O=C(NC1CCC2C3Cc4cccc5c4C2(CCN3CC2CC2)C1O5)c1c[nH]c2ccncc12,0
313,O=C(N[C@H]1CC[C@@]2(O)[C@H]3Cc4ccc(O)c5c4[C@@]2(CCN3CC2CC2)[C@H]1O5)c1c[nH]c2ccncc12,O=C(NC1CCC2C3Cc4cccc5c4C2(CCN3CC2CC2)C1O5)c1c[nH]c2ccncc12,0
314,O=C(N[C@@H]1CC[C@@]2(O)[C@H]3Cc4ccc(O)c5c4[C@@]2(CCN3CC2CC2)[C@H]1O5)c1cc2ccccc2cn1,O=C(NC1CCC2C3Cc4cccc5c4C2(CCN3CC2CC2)C1O5)c1cc2ccccc2cn1,0
315,O=C(N[C@H]1CC[C@@]2(O)[C@H]3Cc4ccc(O)c5c4[C@@]2(CCN3CC2CC2)[C@H]1O5)c1cc2ccccc2cn1,O=C(NC1CCC2C3Cc4cccc5c4C2(CCN3CC2CC2)C1O5)c1cc2ccccc2cn1,0
321,C[C@H]1C2C(=O)c3ccc(O)cc3[C@@]1(C)CCN2CC1CC1,O=C1c2ccccc2C2CCN(CC3CC3)C1C2,0
322,C[C@H]1[C@H]2C(=O)c3ccc(O)cc3[C@]1(C)CCN2CC1CC1,O=C1c2ccccc2C2CCN(CC3CC3)C1C2,0
332,C[C@@H]1[C@@H]2Cc3ccc(O)cc3[C@@]1(C)CCN2C[C@H]1CCCO1,c1ccc2c(c1)CC1CC2CCN1CC1CCCO1,0
333,C[C@H]1[C@H]2Cc3ccc(O)cc3[C@@]1(C)CCN2C[C@@H]1CCCO1,c1ccc2c(c1)CC1CC2CCN1CC1CCCO1,0
334,CC(C)=CCN1CC[C@@]2(C)c3cc(O)ccc3C[C@@H]1[C@@H]2C,c1ccc2c(c1)CC1CC2CCN1,0
348,CNC(=O)COCC(=O)NCCCCNC(=O)COCC(=O)N[C@@H]1CC[C@@]2(O)[C@H]3Cc4ccc(O)c5c4[C@@]2(CCN3CC2CC2)[C@H]1O5,c1cc2c3c(c1)OC1CCCC4C(C2)N(CC2CC2)CCC314,0
349,CN1CCC(C(=O)N[C@@H]2CC[C@@]3(O)[C@H]4Cc5ccc(O)c6c5[C@@]3(CCN4CC3CC3)[C@H]2O6)CC1,O=C(NC1CCC2C3Cc4cccc5c4C2(CCN3CC2CC2)C1O5)C1CCNCC1,0
352,N#CC(CCN1CCC(C(N)=O)(N2CCCCC2)CC1)(c1ccccc1)c1ccccc1,c1ccc(C(CCN2CCC(N3CCCCC3)CC2)c2ccccc2)cc1,0
353,CC1C2C(=O)c3ccc(C(N)=O)cc3C1(C)CCN2CC1CC1,O=C1c2ccccc2C2CCN(CC3CC3)C1C2,0
372,CC[C@@]12CCN(CC3CC3)C(C(=O)c3ccc(O)cc31)[C@@H]2C,O=C1c2ccccc2C2CCN(CC3CC3)C1C2,0
379,N#Cc1ccc(CN2CCC(n3c(=O)[nH]c4ccccc43)CC2)cc1,O=c1[nH]c2ccccc2n1C1CCN(Cc2ccccc2)CC1,0
382,CCOC(=O)C1(c2ccccc2)CCN(C)CC1,c1ccc(C2CCNCC2)cc1,0
397,O=C(N[C@@H]1CC[C@@]2(O)[C@H]3Cc4ccc(O)c5c4[C@@]2(CCN3CC2CC2)[C@H]1O5)c1ccnc(Br)c1,O=C(NC1CCC2C3Cc4cccc5c4C2(CCN3CC2CC2)C1O5)c1ccncc1,0
403,CCCCCCN1CCC(C(=O)N(C)CC)(c2ccccc2)CC1,c1ccc(C2CCNCC2)cc1,0
404,CCC(=O)N(c1ccccc1)C1(C(=O)NC2CCCCCC2)CCN(CCc2ccccc2)CC1,O=C(NC1CCCCCC1)C1(Nc2ccccc2)CCN(CCc2ccccc2)CC1,0
412,Cc1nc2cc3c(cc2[nH]1)[C@@]1(C)CCN(CC2CC2)C(C3)[C@@H]1C,c1nc2cc3c(cc2[nH]1)C1CCN(CC2CC2)C(C3)C1,0
419,O=C(N[C@@H]1CC[C@@]2(O)[C@H]3Cc4ccc(O)c5c4[C@@]2(CCN3CC2CC2)[C@H]1O5)c1ccncc1Br,O=C(NC1CCC2C3Cc4cccc5c4C2(CCN3CC2CC2)C1O5)c1ccncc1,0
423,CC1C2Cc3ccc(C(N)=O)cc3C1(C)CCN2C,c1ccc2c(c1)CC1CC2CCN1,0
444,C[C@H]1C2Cc3cc4cc[nH]c(=O)c4cc3[C@@]1(C)CCN2CC1CC1,O=c1[nH]ccc2cc3c(cc12)C1CCN(CC2CC2)C(C3)C1,0
447,O=C(CNC(=O)c1ccncc1)N[C@@H]1CC[C@@]2(O)[C@H]3Cc4ccc(O)c5c4[C@@]2(CCN3CC2CC2)[C@H]1O5,O=C(CNC(=O)c1ccncc1)NC1CCC2C3Cc4cccc5c4C2(CCN3CC2CC2)C1O5,0
451,CCC(=O)N(c1ccccc1)[C@@]1(C(=O)OC)CCN(CCc2ccccc2)C[C@H]1C,c1ccc(CCN2CCC(Nc3ccccc3)CC2)cc1,0
452,CCCCCCC(=O)N[C@@]12Cc3c([nH]c4ccccc34)[C@@H]3Oc4c(O)ccc5c4[C@@]31CCN(C)C2C5,c1cc2c3c(c1)OC1c4[nH]c5ccccc5c4CC4C(C2)NCCC314,0
475,CCC(=O)N(c1ccccc1)C1(C(=O)OC)CCN(CCC(=O)OC)CC1,c1ccc(NC2CCNCC2)cc1,0
487,C/C=C1\C[C@@]23Cc4c([nH]c5ccccc45)[C@@H]1[C@@]21CCN(C)C3Cc2ccc(OC)c(O)c21,C=C1CC23Cc4c([nH]c5ccccc45)C1C21CCNC3Cc2ccccc21,0
500,C=CCC1CN(C)CCC1(OC(=O)CC)c1ccccc1,c1ccc(C2CCNCC2)cc1,0
503,CCOC(=O)C1(CCc2ccccc2)CCN(Cc2ccc(NC(C)=O)cc2)CC1,c1ccc(CCC2CCN(Cc3ccccc3)CC2)cc1,0
506,CN1CC[C@]23c4c5ccc(O)c4O[C@H]2c2[nH]c4ccccc4c2C[C@@]3(NC(=O)Cc2ccccc2)C1C5,O=C(Cc1ccccc1)NC12Cc3c([nH]c4ccccc34)C3Oc4cccc5c4C31CCNC2C5,0
510,N#CC(CCN1CCC(C(=O)O)(c2ccccc2)CC1)(c1ccccc1)c1ccccc1,c1ccc(C2CCN(CCC(c3ccccc3)c3ccccc3)CC2)cc1,0
518,CC(C)=CC[C@@]12Cc3c([nH]c4ccccc34)[C@]3(C)Oc4c(O)ccc5c4[C@]13CCN(C)C2C5,c1cc2c3c(c1)OC1c4[nH]c5ccccc5c4CC4C(C2)NCCC314,0
533,O=C(N[C@@H]1CC[C@@]2(O)[C@H]3Cc4ccc(O)c5c4[C@@]2(CCN3CC2CC2)[C@H]1O5)c1ccnnc1,O=C(NC1CCC2C3Cc4cccc5c4C2(CCN3CC2CC2)C1O5)c1ccnnc1,0
544,N#Cc1cc(C(=O)N[C@@H]2CC[C@@]3(O)[C@H]4Cc5ccc(O)c6c5[C@@]3(CCN4CC3CC3)[C@H]2O6)ccn1,O=C(NC1CCC2C3Cc4cccc5c4C2(CCN3CC2CC2)C1O5)c1ccncc1,0
545,CCOC(=O)C1(c2ccccc2)CCN(CCC(C#N)(c2ccccc2)c2ccccc2)CC1,c1ccc(C2CCN(CCC(c3ccccc3)c3ccccc3)CC2)cc1,0
546,COc1ccc2c(c1O)[C@]13CCN(C)C(C2)[C@]12CCC(=O)[C@H]3/C(=C/c1ccccc1)C2,O=C1CCC23CC(=Cc4ccccc4)C1C21CCNC3Cc2ccccc21,0
547,CN1CC[C@]23c4c5ccc(O)c4O[C@H]2c2[nH]c4ccccc4c2C[C@@]3(NC(=O)CCc2ccccc2)C1C5,O=C(CCc1ccccc1)NC12Cc3c([nH]c4ccccc34)C3Oc4cccc5c4C31CCNC2C5,0
553,Cc1cc(C(=O)N[C@@H]2CC[C@@]3(O)[C@H]4Cc5ccc(O)c6c5[C@@]3(CCN4CC3CC3)[C@H]2O6)ccn1,O=C(NC1CCC2C3Cc4cccc5c4C2(CCN3CC2CC2)C1O5)c1ccncc1,0
556,CN(C)C(=O)C(CCN1CCC(O)(c2ccc(Cl)cc2)CC1)(c1ccccc1)c1ccccc1,c1ccc(C2CCN(CCC(c3ccccc3)c3ccccc3)CC2)cc1,0
559,COc1ccc2c(c1O)[C@]13CCN(C)C(C2)[C@]12CCC(=O)[C@H]3/C(=C(\C)c1ccccc1)C2,O=C1CCC23CC(=Cc4ccccc4)C1C21CCNC3Cc2ccccc21,0
560,CN1CC[C@]23c4c5ccc(O)c4O[C@H]2c2[nH]c4ccccc4c2C[C@@]3(CCCc2ccccc2)C1C5,c1ccc(CCCC23Cc4c([nH]c5ccccc45)C4Oc5cccc6c5C42CCNC3C6)cc1,0
561,CCOC(=O)C1(c2ccccc2)CCN(CCc2ccc(N)cc2)CC1,c1ccc(CCN2CCC(c3ccccc3)CC2)cc1,0
570,CCC(=O)N(c1ccccc1)C1(C(=O)OC)CCN(CCc2ccccc2)CC1,c1ccc(CCN2CCC(Nc3ccccc3)CC2)cc1,0
571,COc1ccc2c(c1O)[C@]13CCN(C)C(C2)[C@@]12C/C(=C\c1ccccc1)[C@@H]3c1[nH]c3ccccc3c1C2,C(=C1CC23Cc4c([nH]c5ccccc45)C1C21CCNC3Cc2ccccc21)c1ccccc1,0
573,CCC(=O)N(c1ccccc1)C1(COC)CCN(CCc2cccs2)CC1,c1ccc(NC2CCN(CCc3cccs3)CC2)cc1,0
582,O=c1[nH]c2ccccc2n1C1CCN(Cc2ccc(Cl)c(Cl)c2)CC1,O=c1[nH]c2ccccc2n1C1CCN(Cc2ccccc2)CC1,0
583,CCOC(=O)C1(c2ccccc2)CCC=CC1N(C)C,C1=CCC(c2ccccc2)CC1,0
586,O=C(CCc1ccncc1)N[C@@H]1CC[C@@]2(O)[C@H]3Cc4ccc(O)c5c4[C@@]2(CCN3CC2CC2)[C@H]1O5,O=C(CCc1ccncc1)NC1CCC2C3Cc4cccc5c4C2(CCN3CC2CC2)C1O5,0
593,CC[C@@]12CCN(CC3CC3)C(C(=O)c3ccc(Nc4ccccc4)cc31)[C@@H]2C,O=C1c2ccc(Nc3ccccc3)cc2C2CCN(CC3CC3)C1C2,0
606,CC1C2Cc3ccc(C(N)=O)cc3C1(C)CCN2CCc1ccccc1,c1ccc(CCN2CCC3CC2Cc2ccccc23)cc1,0
612,CC(=O)Nc1ccc(CN2CCC(n3c(=O)[nH]c4ccccc43)CC2)cc1,O=c1[nH]c2ccccc2n1C1CCN(Cc2ccccc2)CC1,0
617,COc1ccc2c3c1O[C@H]1C(=O)CC[C@@]4(NC(=O)Cc5ccc(Cl)cc5)[C@@H](C2)N(CC2CC2)CC[C@]314,O=C(Cc1ccccc1)NC12CCC(=O)C3Oc4cccc5c4C31CCN(CC1CC1)C2C5,0
621,C[C@H]1[C@H]2Cc3ccc(Nc4ccccc4)cc3[C@@]1(C)CCN2CC1CC1,c1ccc(Nc2ccc3c(c2)C2CCN(CC4CC4)C(C3)C2)cc1,0
624,CN1CC[C@]23c4c5ccc(O)c4O[C@H]2c2[nH]c4ccccc4c2C[C@@]3(NCCc2ccccc2)C1C5,c1ccc(CCNC23Cc4c([nH]c5ccccc45)C4Oc5cccc6c5C42CCNC3C6)cc1,0
625,O=c1[nH]c2ccccc2n1C1CCN(Cc2cccc(OC(F)(F)F)c2)CC1,O=c1[nH]c2ccccc2n1C1CCN(Cc2ccccc2)CC1,0
627,CCC(=O)N(c1ccccc1F)C1(c2ccccc2)CCN(CCn2nnn(CC)c2=O)CC1,O=c1[nH]nnn1CCN1CCC(Nc2ccccc2)(c2ccccc2)CC1,0
635,C[C@H]1[C@@H]2Cc3ccc(O)cc3[C@]1(C)CCN2C,c1ccc2c(c1)CC1CC2CCN1,0
644,CCN[C@@]12Cc3c([nH]c4ccccc34)[C@@H]3Oc4c(O)ccc5c4[C@@]31CCN(C)C2C5,c1cc2c3c(c1)OC1c4[nH]c5ccccc5c4CC4C(C2)NCCC314,0
649,CCOC(=O)C1(c2ccccc2)CCN(CCCNc2ccccc2)CC1,c1ccc(NCCCN2CCC(c3ccccc3)CC2)cc1,0
651,CC[C@@H]1CN2CC[C@]3(Nc4cccc(-c5ccccc5)c4C3=O)[C@@H]2C[C@@H]1/C(=C\OC)C(=O)OC,O=C1c2c(cccc2-c2ccccc2)NC12CCN1CCCCC12,0
660,O=C1CC[C@@]2(NCCc3ccc(Cl)cc3)[C@H]3Cc4ccc(O)c5c4[C@@]2(CCN3CC2CC2)[C@H]1O5,O=C1CCC2(NCCc3ccccc3)C3Cc4cccc5c4C2(CCN3CC2CC2)C1O5,0
662,COc1ccc2c(c1O)[C@]13CCN(C)C(C2)[C@@]12C/C(=C(/C)c1ccccc1)[C@@H]3c1[nH]c3ccccc3c1C2,C(=C1CC23Cc4c([nH]c5ccccc45)C1C21CCNC3Cc2ccccc21)c1ccccc1,0
664,COc1ccc(CN2CCC(n3c(=O)[nH]c4ccccc43)CC2)cc1,O=c1[nH]c2ccccc2n1C1CCN(Cc2ccccc2)CC1,0
679,C[C@H]1C2C(=O)c3ccc(N)cc3[C@@]1(C)CCN2CC1CC1,O=C1c2ccccc2C2CCN(CC3CC3)C1C2,0
683,CN(C(=O)/C=C/c1ccoc1)[C@@H]1CC[C@@]2(O)[C@H]3Cc4ccc(O)c5c4[C@@]2(CCN3CC2CC2)[C@H]1O5,O=C(C=Cc1ccoc1)NC1CCC2C3Cc4cccc5c4C2(CCN3CC2CC2)C1O5,0
686,CCC(=O)C1(c2cccc(O)c2)CCN(C)CC1,c1ccc(C2CCNCC2)cc1,0
690,C[C@H]1C2Cc3ccc(O)cc3[C@@]1(C)CCN2CCc1ccccc1,c1ccc(CCN2CCC3CC2Cc2ccccc23)cc1,0
703,COc1cccc(CN2CCC(n3c(=O)[nH]c4ccccc43)CC2)c1,O=c1[nH]c2ccccc2n1C1CCN(Cc2ccccc2)CC1,0
705,C[C@H]1C2Cc3cc4nc[nH]c4cc3[C@@]1(C)CCN2CC1CC1,c1nc2cc3c(cc2[nH]1)C1CCN(CC2CC2)C(C3)C1,0
710,O=C(N[C@@H]1CC[C@@]2(O)[C@H]3Cc4ccc(O)c5c4[C@@]2(CCN3CC2CC2)[C@H]1O5)c1ccc(Br)cc1,O=C(NC1CCC2C3Cc4cccc5c4C2(CCN3CC2CC2)C1O5)c1ccccc1,0
722,CCOC(=O)C1(c2ccccc2)CCCN(C)CC1,c1ccc(C2CCCNCC2)cc1,0
735,CCC(=O)N(c1ccccc1)C1(COC)CCN(CCc2ccccc2)CC1,c1ccc(CCN2CCC(Nc3ccccc3)CC2)cc1,0
751,CCC(=O)OC1(c2ccccc2)CC(C)N(C)CC1C,c1ccc(C2CCNCC2)cc1,0
760,COc1ccc2c3c1O[C@H]1C(=O)CC[C@@]4(NCCc5ccc(Cl)cc5)[C@@H](C2)N(CC2CC2)CC[C@]314,O=C1CCC2(NCCc3ccccc3)C3Cc4cccc5c4C2(CCN3CC2CC2)C1O5,0
766,O=C(N[C@@H]1CC[C@@]2(O)[C@H]3Cc4ccc(O)c5c4[C@@]2(CCN3CC2CC2)[C@H]1O5)c1ccnc(Cl)c1,O=C(NC1CCC2C3Cc4cccc5c4C2(CCN3CC2CC2)C1O5)c1ccncc1,0
782,COCC(=O)N(c1ccccc1)C1(C(=O)OC)CCN(CCc2cccs2)CC1,c1ccc(NC2CCN(CCc3cccs3)CC2)cc1,0
788,COc1ccc2c(c1O)[C@]13CCN(C)C(C2)[C@@]12CC(=C(C)C)[C@@H]3c1[nH]c3ccccc3c1C2,C=C1CC23Cc4c([nH]c5ccccc45)C1C21CCNC3Cc2ccccc21,0
805,CC(=O)OC1(c2ccccc2)CCN(CCc2ccccc2)CC1,c1ccc(CCN2CCC(c3ccccc3)CC2)cc1,0
816,CCCCN[C@@]12Cc3c([nH]c4ccccc34)[C@@H]3Oc4c(O)ccc5c4[C@@]31CCN(C)C2C5,c1cc2c3c(c1)OC1c4[nH]c5ccccc5c4CC4C(C2)NCCC314,0
835,CCC(=O)N(c1ccccc1)C1(COC)CCN(CCn2nnn(CC)c2=O)CC1,O=c1[nH]nnn1CCN1CCC(Nc2ccccc2)CC1,0
839,O=c1[nH]c2ccccc2n1C1CCN(Cc2ccc(Cl)cc2)CC1,O=c1[nH]c2ccccc2n1C1CCN(Cc2ccccc2)CC1,0
861,Oc1ccc2c(c1)[C@]13CCN(CC4CC4)C[C@@]1(C2)Cc1c([nH]c2ccccc12)C3,c1ccc2c(c1)CC13Cc4c([nH]c5ccccc45)CC21CCN(CC1CC1)C3,0
863,CN1CC[C@]23c4c5ccc(O)c4O[C@@]2(C)c2[nH]c4ccccc4c2C[C@@]3(C/C=C/c2ccccc2)C1C5,C(=Cc1ccccc1)CC12Cc3c([nH]c4ccccc34)C3Oc4cccc5c4C31CCNC2C5,0
875,O=C(N[C@@H]1CC[C@@]2(O)[C@H]3Cc4ccc(O)c5c4[C@@]2(CCN3CC2CC2)[C@H]1O5)c1ccc(C(F)(F)F)cc1,O=C(NC1CCC2C3Cc4cccc5c4C2(CCN3CC2CC2)C1O5)c1ccccc1,0
876,O=c1[nH]c2ccccc2n1C1CCN(Cc2ccc(Br)cc2)CC1,O=c1[nH]c2ccccc2n1C1CCN(Cc2ccccc2)CC1,0
881,Cc1ccc(CN2CCC(n3c(=O)[nH]c4ccccc43)CC2)cc1,O=c1[nH]c2ccccc2n1C1CCN(Cc2ccccc2)CC1,0
887,CC[C@@]12CCN(CC3CC3)C(C(=O)c3ccc(N)cc31)[C@@H]2C,O=C1c2ccccc2C2CCN(CC3CC3)C1C2,0
888,O=C(N[C@@H]1CC[C@@]2(O)[C@H]3Cc4ccc(O)c5c4[C@@]2(CCN3CC2CC2)[C@H]1O5)c1ccc(Cl)c(Cl)c1,O=C(NC1CCC2C3Cc4cccc5c4C2(CCN3CC2CC2)C1O5)c1ccccc1,0
899,O=c1[nH]c2ccccc2n1C1CCN(Cc2cccc(Cl)c2)CC1,O=c1[nH]c2ccccc2n1C1CCN(Cc2ccccc2)CC1,0
912,CCOC(=O)C(CCN1CCOCC1)(c1ccccc1)c1ccccc1,c1ccc(C(CCN2CCOCC2)c2ccccc2)cc1,0
913,O=C(N[C@@H]1CC[C@@]2(O)[C@H]3Cc4ccc(O)c5c4[C@@]2(CCN3CC2CC2)[C@H]1O5)c1ccc(I)cc1,O=C(NC1CCC2C3Cc4cccc5c4C2(CCN3CC2CC2)C1O5)c1ccccc1,0
914,O=C(N[C@@H]1CC[C@@]2(O)[C@H]3Cc4ccc(O)c5c4[C@@]2(CCN3CC2CC2)[C@H]1O5)c1ccc(Cl)cc1,O=C(NC1CCC2C3Cc4cccc5c4C2(CCN3CC2CC2)C1O5)c1ccccc1,0
918,Oc1nc2ccccc2n1C1CCN(Cc2ccccc2)CC1,c1ccc(CN2CCC(n3cnc4ccccc43)CC2)cc1,0
921,CN1CC[C@]23c4c5ccc(O)c4O[C@H]2c2[nH]c4ccccc4c2C[C@@]3(NCCCc2ccccc2)C1C5,c1ccc(CCCNC23Cc4c([nH]c5ccccc45)C4Oc5cccc6c5C42CCNC3C6)cc1,0
925,Cc1cnccc1C(=O)N[C@@H]1CC[C@@]2(O)[C@H]3Cc4ccc(O)c5c4[C@@]2(CCN3CC2CC2)[C@H]1O5,O=C(NC1CCC2C3Cc4cccc5c4C2(CCN3CC2CC2)C1O5)c1ccncc1,0
932,O=C(Cc1ccncc1)N[C@@H]1CC[C@@]2(O)[C@H]3Cc4ccc(O)c5c4[C@@]2(CCN3CC2CC2)[C@H]1O5,O=C(Cc1ccncc1)NC1CCC2C3Cc4cccc5c4C2(CCN3CC2CC2)C1O5,0
946,O=C(N[C@@H]1CC[C@@]2(O)[C@H]3Cc4ccc(O)c5c4[C@@]2(CCN3CC2CC2)[C@H]1O5)c1ccncc1Cl,O=C(NC1CCC2C3Cc4cccc5c4C2(CCN3CC2CC2)C1O5)c1ccncc1,0
962,COc1cc(C(=O)N[C@@H]2CC[C@@]3(O)[C@H]4Cc5ccc(O)c6c5[C@@]3(CCN4CC3CC3)[C@H]2O6)ccn1,O=C(NC1CCC2C3Cc4cccc5c4C2(CCN3CC2CC2)C1O5)c1ccncc1,0
969,O=C(N[C@@H]1CC[C@@]2(O)[C@H]3Cc4ccc(O)c5c4[C@@]2(CCN3CC2CC2)[C@H]1O5)c1ccncn1,O=C(NC1CCC2C3Cc4cccc5c4C2(CCN3CC2CC2)C1O5)c1ccncn1,0
971,O=C(Cc1ccc(Cl)cc1)N[C@@]12CCC(=O)[C@@H]3Oc4c(O)ccc5c4[C@@]31CCN(CC1CC1)[C@@H]2C5,O=C(Cc1ccccc1)NC12CCC(=O)C3Oc4cccc5c4C31CCN(CC1CC1)C2C5,0
9,C[N+]1(CC2CC2)CC[C@]23c4c5ccc(O)c4O[C@H]2C(=O)CC[C@@]3(O)[C@H]1C5,O=C1CCC2C3Cc4cccc5c4C2(CC[NH+]3CC2CC2)C1O5,1
10,O=C1/C(=C/c2ccccc2)C[C@@]2(O)[C@H]3Cc4ccc(O)c5c4[C@@]2(CCN3CC2CC2)[C@H]1O5,O=C1C(=Cc2ccccc2)CC2C3Cc4cccc5c4C2(CCN3CC2CC2)C1O5,1
16,NC(=O)c1ccc2c(c1O)[C@]13CCN(CC4CC4)[C@H](C2)[C@]1(O)CCC(=O)C3,O=C1CCC2C3Cc4ccccc4C2(CCN3CC2CC2)C1,1
21,CC(C)(NC(=O)C1=C(O)[C@@H]2Oc3c(O)ccc4c3[C@@]23CCN(CC2CC2)[C@H](C4)[C@]3(O)C1)c1nc(-c2ccccc2)no1,O=C(NCc1nc(-c2ccccc2)no1)C1=CC2Oc3cccc4c3C23CCN(CC2CC2)C(C4)C3C1,1
23,Oc1ccc2c3c1O[C@H]1c4[nH]c5c(c4C[C@@]4(O)[C@@H](C2)N(CC2CC2)CC[C@]314)C[C@@]1(O)[C@H]2Cc3ccc(O)c4c3[C@@]1(CCN2CC1CC1)[C@H]5O4,c1cc2c3c(c1)OC1c4[nH]c5c(c4CC4C(C2)N(CC2CC2)CCC314)CC1C2Cc3cccc4c3C1(CCN2CC1CC1)C5O4,1
26,NC(=O)c1ccc2c(c1O)[C@]13CCN(CC4CCC4)[C@H](C2)[C@]1(O)CC[C@@H](O)C3,c1ccc2c(c1)CC1C3CCCCC23CCN1CC1CCC1,1
28,Oc1ccc2c3c1O[C@H]1CCC[C@@]4(O)[C@@H](C2)N(CC2CC2)CC[C@]314,c1cc2c3c(c1)OC1CCCC4C(C2)N(CC2CC2)CCC314,1
31,C=CCN1CC[C@]23c4c5ccc(O)c4O[C@H]2C(=O)CC[C@@]3(O)[C@H]1C5,O=C1CCC2C3Cc4cccc5c4C2(CCN3)C1O5,1
45,C=CCN1CC[C@]23c4c5ccc(O)c4O[C@H]2/C(=N\N=C2\CC[C@@]4(O)[C@H]6Cc7ccc(O)c8c7[C@@]4(CCN6CC=C)[C@H]2O8)CC[C@@]3(O)[C@H]1C5,c1cc2c3c(c1)OC1C(=NN=C4CCC5C6Cc7cccc8c7C5(CCN6)C4O8)CCC4C(C2)NCCC314,1
55,O=C1CCC2=C([C@@H]3Oc4c(O)ccc5c4[C@@]34CCN(CC3CC3)[C@H](C5)[C@]4(O)C2)N1Cc1cccc(Cl)c1,O=C1CCC2=C(C3Oc4cccc5c4C34CCN(CC3CC3)C(C5)C4C2)N1Cc1ccccc1,1
60,O=C(Nc1ccccc1)C1=C(O)[C@@H]2Oc3c(O)ccc4c3[C@@]23CCN(CC2CC2)[C@H](C4)[C@]3(O)C1,O=C(Nc1ccccc1)C1=CC2Oc3cccc4c3C23CCN(CC2CC2)C(C4)C3C1,1
63,C=CCN1CC[C@]23c4c5ccc(O)c4O[C@H]2[C@@H](OCCOCCOCCOCCOCCOCCOCCOC)CC[C@@]3(O)[C@H]1C5,c1cc2c3c(c1)OC1CCCC4C(C2)NCCC314,1
71,Oc1ccc2c(c1)[C@@]13CCCC[C@@]1(O)[C@@H](C2)N(CC1CC1)CC3,c1ccc2c(c1)CC1C3CCCCC23CCN1CC1CC1,1
75,Oc1ccc2c3c1O[C@H]1c4ncc(-c5ccccc5)cc4C[C@@]4(OCCCc5ccncc5)[C@@H](C2)N(CC2CC2)CC[C@]314,c1ccc(-c2cnc3c(c2)CC2(OCCCc4ccncc4)C4Cc5cccc6c5C2(CCN4CC2CC2)C3O6)cc1,1
79,Cc1ccnc(N(C(=O)c2ccco2)C2CCN(CCc3ccccc3)CC2)c1,O=C(c1ccco1)N(c1ccccn1)C1CCN(CCc2ccccc2)CC1,1
92,Oc1ccc2c3c1O[C@H]1c4ncc(-c5ccc(Cl)cc5)cc4C[C@@]4(OCCOc5ccccc5)[C@@H](C2)N(CC2CC2)CC[C@]314,c1ccc(OCCOC23Cc4cc(-c5ccccc5)cnc4C4Oc5cccc6c5C42CCN(CC2CC2)C3C6)cc1,1
98,O=C1CCC2=C([C@@H]3Oc4c(O)ccc5c4[C@@]34CCN(CC3CC3)[C@H](C5)[C@]4(O)C2)N1Cc1ccccc1,O=C1CCC2=C(C3Oc4cccc5c4C34CCN(CC3CC3)C(C5)C4C2)N1Cc1ccccc1,1
101,CCC(C)[C@@H]1NC(=O)[C@H](CCCN=C(N)N)NC(=O)[C@@H](NC(=O)[C@H](Cc2ccccc2)NC(=O)CNC(=O)CNC(=O)[C@H](Cc2ccc(O)cc2)NCc2ccccc2)CC(=O)NC[C@@H](C(=O)N[C@@H](CCCN=C(N)N)C(=O)N2CCC[C@H]2C(=O)N[C@@H](CCCCN)C(N)=O)NC1=O,O=C(CNC(=O)C(Cc1ccccc1)NCc1ccccc1)NCC(=O)NC(Cc1ccccc1)C(=O)NC1CC(=O)NCC(C(=O)NCC(=O)N2CCCC2)NC(=O)CNC(=O)CNC1=O,1
103,C=CCN1CC[C@]23CCCC[C@H]2[C@H]1Cc1ccc(O)cc13,c1ccc2c(c1)CC1NCCC23CCCCC13,1
112,O=C1CCC2=C([C@@H]3Oc4c(O)ccc5c4[C@@]34CCN(CC3CC3)[C@H](C5)[C@]4(O)C2)N1CC1CCCCC1,O=C1CCC2=C(C3Oc4cccc5c4C34CCN(CC3CC3)C(C5)C4C2)N1CC1CCCCC1,1
129,c1ccc(CCN2CCC(Nc3ccccc3)CC2)cc1,c1ccc(CCN2CCC(Nc3ccccc3)CC2)cc1,1
130,NC(=O)c1ccc2c3c1O[C@H]1C(=O)CC[C@@]4(O)[C@@H](C2)N(CC2CC2)CC[C@]314,O=C1CCC2C3Cc4cccc5c4C2(CCN3CC2CC2)C1O5,1
137,O=C1CCC2=C([C@@H]3Oc4c(O)ccc5c4[C@@]34CCN(CC3CC3)[C@H](C5)[C@]4(O)C2)N1Cc1cccc(F)c1,O=C1CCC2=C(C3Oc4cccc5c4C34CCN(CC3CC3)C(C5)C4C2)N1Cc1ccccc1,1
141,Oc1ccc2c3c1O[C@H]1c4oc5ccccc5c4C[C@@]4(O)[C@@H](C2)N(CC2CC2)CC[C@]314,c1cc2c3c(c1)OC1c4oc5ccccc5c4CC4C(C2)N(CC2CC2)CCC314,1
143,NC(=O)c1ccc2c(c1)[C@@]13CCCC[C@@]1(O)[C@@H](C2)N(CC1CCC1)CC3,c1ccc2c(c1)CC1C3CCCCC23CCN1CC1CCC1,1
147,COc1ccc2c3c1O[C@H]1C(=O)CC[C@@]4(O)[C@@H](C2)N(CC2CC2)CC[C@]314,O=C1CCC2C3Cc4cccc5c4C2(CCN3CC2CC2)C1O5,1
149,NC(=O)c1ccc2c(c1O)[C@]13CCN(CC4CC4)[C@H](C2)[C@]1(O)Cc1c([nH]c2ccccc12)C3,c1ccc2c(c1)CC1C3Cc4c([nH]c5ccccc45)CC23CCN1CC1CC1,1
153,C=CCN1CC[C@]23c4c5ccc(O)c4O[C@H]2/C(=N/NC(=O)c2ccccc2)CC[C@@]3(O)[C@H]1C5,O=C(NN=C1CCC2C3Cc4cccc5c4C2(CCN3)C1O5)c1ccccc1,1
156,NC(=O)c1ccc2c3c1O[C@H]1CCC[C@@]4(O)[C@@H](C2)N(CC2CC2)CC[C@]314,c1cc2c3c(c1)OC1CCCC4C(C2)N(CC2CC2)CCC314,1
163,CCCCOc1cccc2c1C13CCN(CC4CC4)[C@H](C2)[C@]1(OC)CCC(=O)C3,O=C1CCC2C3Cc4ccccc4C2(CCN3CC2CC2)C1,1
167,NC(=O)c1ccc2c3c1O[C@H]1[C@@H](O)CC[C@@]4(O)[C@@H](C2)N(CC2CCC2)CC[C@]314,c1cc2c3c(c1)OC1CCCC4C(C2)N(CC2CCC2)CCC314,1
178,C=C1CC[C@@]2(O)[C@H]3Cc4ccc(O)c5c4[C@@]2(CCN3CC2CC2)[C@H]1O5,C=C1CCC2C3Cc4cccc5c4C2(CCN3CC2CC2)C1O5,1
179,O=C1CC[C@@]2(O)[C@H]3Cc4ccc(O)c5c4[C@@]2(CCN3CC2CC2)[C@H]1O5,O=C1CCC2C3Cc4cccc5c4C2(CCN3CC2CC2)C1O5,1
184,O=C(c1ccc2c(c1)OCO2)N(c1ccccc1)C1CCN(CCc2ccccc2)CC1,O=C(c1ccc2c(c1)OCO2)N(c1ccccc1)C1CCN(CCc2ccccc2)CC1,1
185,Oc1ccc2c3c1O[C@H]1c4ncc(-c5ccc(Cl)cc5)cc4C[C@@]4(OCCCc5ccncc5)[C@@H](C2)N(CC2CC2)CC[C@]314,c1ccc(-c2cnc3c(c2)CC2(OCCCc4ccncc4)C4Cc5cccc6c5C2(CCN4CC2CC2)C3O6)cc1,1
192,Oc1ccc2c3c1O[C@H]1c4[nH]c5ccccc5c4C[C@@]4(O)[C@@H](C2)N(CC2CC2)CC[C@]314,c1cc2c3c(c1)OC1c4[nH]c5ccccc5c4CC4C(C2)N(CC2CC2)CCC314,1
199,O=C1CCC2=C([C@@H]3Oc4c(O)ccc5c4[C@@]34CCN(CC3CC3)[C@H](C5)[C@]4(O)C2)N1CCc1ccccc1,O=C1CCC2=C(C3Oc4cccc5c4C34CCN(CC3CC3)C(C5)C4C2)N1CCc1ccccc1,1
206,Oc1ccc2c3c1O[C@H]1c4ncc(-c5ccc(Cl)cc5)cc4C[C@@]4(OCc5ccc6ccccc6n5)[C@@H](C2)N(CC2CC2)CC[C@]314,c1ccc(-c2cnc3c(c2)CC2(OCc4ccc5ccccc5n4)C4Cc5cccc6c5C2(CCN4CC2CC2)C3O6)cc1,1
218,COC(=O)C1(NC(=O)C2=C(O)[C@@H]3Oc4c(O)ccc5c4[C@@]34CCN(CC3CC3)[C@H](C5)[C@]4(O)C2)CC1,O=C(NC1CC1)C1=CC2Oc3cccc4c3C23CCN(CC2CC2)C(C4)C3C1,1
220,C=CCN1CC[C@]23c4c5ccc(O)c4O[C@H]2C2=C(CCC(=O)N2CCc2ccccc2)C[C@@]3(O)[C@H]1C5,O=C1CCC2=C(C3Oc4cccc5c4C34CCNC(C5)C4C2)N1CCc1ccccc1,1
256,COc1ccc2c(c1)[C@]13CCCC[C@@H]1[C@H](C2)N(C)CC3,c1ccc2c(c1)CC1NCCC23CCCCC13,0
257,COc1ccc2c(c1)[C@@]13CCCC[C@H]1[C@@H](C2)N(C)CC3,c1ccc2c(c1)CC1NCCC23CCCCC13,0
266,CCC(=O)N(c1ccccc1)C1CCN(CCc2ccccc2)CC1,c1ccc(CCN2CCC(Nc3ccccc3)CC2)cc1,0
279,COCC(=O)N(c1ccccc1)C1CCN(CCc2ccccc2)CC1,c1ccc(CCN2CCC(Nc3ccccc3)CC2)cc1,0
320,C/C=C/C(=O)N(c1ccccc1)C1CCN(CCc2ccccc2)CC1,c1ccc(CCN2CCC(Nc3ccccc3)CC2)cc1,0
327,NC(=O)c1ccc2c(c1O)[C@]13CCN(CC4CCC4)[C@H](C2)[C@]1(O)CC[C@H](O)C3,c1ccc2c(c1)CC1C3CCCCC23CCN1CC1CCC1,0
335,O=C(c1ccccc1)N(c1ccccc1)C1CCN(CCc2ccccc2)CC1,O=C(c1ccccc1)N(c1ccccc1)C1CCN(CCc2ccccc2)CC1,0
338,CC(=O)N(c1ccccc1)C1CCN(CCc2ccccc2)CC1,c1ccc(CCN2CCC(Nc3ccccc3)CC2)cc1,0
345,CN1CC[C@]23c4c5ccc(O)c4O[C@H]2c2ncc(-c4ccc(Cl)cc4)cc2C[C@@]3(OCCCc2ccccc2)[C@H]1C5,c1ccc(CCCOC23Cc4cc(-c5ccccc5)cnc4C4Oc5cccc6c5C42CCNC3C6)cc1,0
350,CCC(=O)N(Cc1ccccc1)C1(C(=O)Nc2ccc(OC)cc2)CCN(CCc2ccccc2)CC1,O=C(Nc1ccccc1)C1(NCc2ccccc2)CCN(CCc2ccccc2)CC1,0
355,Cc1ccc(-c2cnc3c(c2)C[C@@]2(OCCCc4ccccc4)[C@H]4Cc5ccc(O)c6c5[C@@]2(CCN4CC2CC2)[C@H]3O6)cc1,c1ccc(CCCOC23Cc4cc(-c5ccccc5)cnc4C4Oc5cccc6c5C42CCN(CC2CC2)C3C6)cc1,0
356,O=C(c1ccco1)N(c1cnccn1)C1CCN(CCc2ccccc2)CC1,O=C(c1ccco1)N(c1cnccn1)C1CCN(CCc2ccccc2)CC1,0
358,c1cc2c(cc1CNc1ccc3c(c1)[C@@]14CCCC[C@H]1[C@@H](C3)N(CC1CCC1)CC4)OCO2,c1cc2c(cc1CNc1ccc3c(c1)C14CCCCC1C(C3)N(CC1CCC1)CC4)OCO2,0
359,Oc1ccc2c3c1O[C@H]1c4ncc(-n5cccc5)cc4C[C@@]4(OCCCc5ccccc5)[C@@H](C2)N(CC2CC2)CC[C@]314,c1ccc(CCCOC23Cc4cc(-n5cccc5)cnc4C4Oc5cccc6c5C42CCN(CC2CC2)C3C6)cc1,0
364,Oc1ccc2c3c1O[C@H]1c4ncc(-c5cn[nH]c5)cc4C[C@@]4(OCCCc5ccccc5)[C@@H](C2)N(CC2CC2)CC[C@]314,c1ccc(CCCOC23Cc4cc(-c5cn[nH]c5)cnc4C4Oc5cccc6c5C42CCN(CC2CC2)C3C6)cc1,0
365,Oc1ccc2c3c1O[C@H]1c4ncc(-c5ccc(Cl)cc5)cc4C[C@@]4(OCCCc5ccccc5)[C@@H](C2)N(CC2CC2)CC[C@]314,c1ccc(CCCOC23Cc4cc(-c5ccccc5)cnc4C4Oc5cccc6c5C42CCN(CC2CC2)C3C6)cc1,0
367,COc1cc(-c2cnc3c(c2)C[C@@]2(OCCCc4ccccc4)[C@H]4Cc5ccc(O)c6c5[C@@]2(CCN4CC2CC2)[C@H]3O6)ccn1,c1ccc(CCCOC23Cc4cc(-c5ccncc5)cnc4C4Oc5cccc6c5C42CCN(CC2CC2)C3C6)cc1,0
369,CCC(=O)N(c1ccccc1)C1(C(=O)NCc2ccccc2)CCN(CCc2ccccc2)CC1,O=C(NCc1ccccc1)C1(Nc2ccccc2)CCN(CCc2ccccc2)CC1,0
370,CCC(=O)N(Cc1ccncc1)C1(C(=O)NCCc2cccc(F)c2)CCN(CCc2ccccc2)CC1,O=C(NCCc1ccccc1)C1(NCc2ccncc2)CCN(CCc2ccccc2)CC1,0
373,COc1ccc(CNc2ccc3c(c2)[C@@]24CCCC[C@H]2[C@@H](C3)N(CC2CCC2)CC4)cc1,c1ccc(CNc2ccc3c(c2)C24CCCCC2C(C3)N(CC2CCC2)CC4)cc1,0
375,O=C(NCc1ccccc1)C1=N[C@@]23CC[C@]1(O)C1Oc4c(O)ccc5c4C12CCN(CC1CC1)C3C5,O=C(NCc1ccccc1)C1=NC23CCC1C1Oc4cccc5c4C12CCN(CC1CC1)C3C5,0
378,CN(C)c1ccc(-c2cnc3c(c2)C[C@@]2(OCCCc4ccccc4)[C@H]4Cc5ccc(O)c6c5[C@@]2(CCN4CC2CC2)[C@H]3O6)cc1,c1ccc(CCCOC23Cc4cc(-c5ccccc5)cnc4C4Oc5cccc6c5C42CCN(CC2CC2)C3C6)cc1,0
383,O=C(NCCc1ccccc1)C1=N[C@@]23CC[C@]1(O)C1Oc4c(O)ccc5c4C12CCN(CC1CC1)C3C5,O=C(NCCc1ccccc1)C1=NC23CCC1C1Oc4cccc5c4C12CCN(CC1CC1)C3C5,0
386,Cc1cccc(-c2cnc3c(c2)C[C@@]2(OCCCc4ccccc4)[C@H]4Cc5ccc(O)c6c5[C@@]2(CCN4CC2CC2)[C@H]3O6)c1,c1ccc(CCCOC23Cc4cc(-c5ccccc5)cnc4C4Oc5cccc6c5C42CCN(CC2CC2)C3C6)cc1,0
391,Oc1ccc(CNc2ccc3c(c2)[C@@]24CCCC[C@H]2[C@@H](C3)N(CC2CCC2)CC4)cc1,c1ccc(CNc2ccc3c(c2)C24CCCCC2C(C3)N(CC2CCC2)CC4)cc1,0
394,O=[N+]([O-])c1cccc(CNc2ccc3c(c2)[C@@]24CCCC[C@H]2[C@@H](C3)N(CC2CCC2)CC4)c1,c1ccc(CNc2ccc3c(c2)C24CCCCC2C(C3)N(CC2CCC2)CC4)cc1,0
402,O=C(c1cccs1)N(c1ccccc1)C1CCN(CCc2ccccc2)CC1,O=C(c1cccs1)N(c1ccccc1)C1CCN(CCc2ccccc2)CC1,0
405,Oc1ccc2c3c1O[C@H]1c4ncc(-c5ccc(F)cc5)cc4C[C@@]4(OCCCc5ccccc5)[C@@H](C2)N(CC2CC2)CC[C@]314,c1ccc(CCCOC23Cc4cc(-c5ccccc5)cnc4C4Oc5cccc6c5C42CCN(CC2CC2)C3C6)cc1,0
409,Oc1cccc(CNc2ccc3c(c2)[C@@]24CCCC[C@H]2[C@@H](C3)N(CC2CC2)CC4)c1,c1ccc(CNc2ccc3c(c2)C24CCCCC2C(C3)N(CC2CC2)CC4)cc1,0
410,O=C(C1CC1)N(c1ccccc1)C1CCN(CCc2ccccc2)CC1,O=C(C1CC1)N(c1ccccc1)C1CCN(CCc2ccccc2)CC1,0
418,COc1cccc(-c2cnc3c(c2)C[C@@]2(OCCCc4ccccc4)[C@H]4Cc5ccc(O)c6c5[C@@]2(CCN4CC2CC2)[C@H]3O6)c1,c1ccc(CCCOC23Cc4cc(-c5ccccc5)cnc4C4Oc5cccc6c5C42CCN(CC2CC2)C3C6)cc1,0
424,NC(=O)Nc1ccc2c(c1)[C@@]13CCCC[C@H]1[C@@H](C2)N(CC1CCC1)CC3,c1ccc2c(c1)CC1C3CCCCC23CCN1CC1CCC1,0
425,Oc1ccc2c3c1O[C@H]1c4ncc(-c5ccccc5)cc4C[C@@]4(OCCCC5CCCCC5)[C@@H](C2)N(CC2CC2)CC[C@]314,c1ccc(-c2cnc3c(c2)CC2(OCCCC4CCCCC4)C4Cc5cccc6c5C2(CCN4CC2CC2)C3O6)cc1,0
432,Oc1ccc2c3c1O[C@H]1c4ncc(-c5ccccc5)cc4C[C@@]4(OCCCCc5ccccc5)[C@@H](C2)N(CC2CC2)CC[C@]314,c1ccc(CCCCOC23Cc4cc(-c5ccccc5)cnc4C4Oc5cccc6c5C42CCN(CC2CC2)C3C6)cc1,0
433,Oc1ccc2c3c1O[C@H]1c4ncc(-c5ccncn5)cc4C[C@@]4(OCCCc5ccccc5)[C@@H](C2)N(CC2CC2)CC[C@]314,c1ccc(CCCOC23Cc4cc(-c5ccncn5)cnc4C4Oc5cccc6c5C42CCN(CC2CC2)C3C6)cc1,0
438,Oc1ccccc1CNc1ccc2c(c1)[C@@]13CCCC[C@H]1[C@@H](C2)N(CC1CC1)CC3,c1ccc(CNc2ccc3c(c2)C24CCCCC2C(C3)N(CC2CC2)CC4)cc1,0
460,CCC(=O)N(Cc1cccs1)C1(C(=O)NCCc2cccc(F)c2)CCN(CCc2ccccc2)CC1,O=C(NCCc1ccccc1)C1(NCc2cccs2)CCN(CCc2ccccc2)CC1,0
461,Oc1ccc2c(c1)[C@@]13CCCC[C@H]1[C@@H](C2)N(CC1CCC1)CC3,c1ccc2c(c1)CC1C3CCCCC23CCN1CC1CCC1,0
463,CCC(=O)N(Cc1ccccc1)C1(C(=O)NCCc2cccc(F)c2)CCN(CCc2ccccc2)CC1,O=C(NCCc1ccccc1)C1(NCc2ccccc2)CCN(CCc2ccccc2)CC1,0
467,Oc1ccc2c3c1O[C@H]1c4ncc(-c5ccncc5)cc4C[C@@]4(OCCCc5ccccc5)[C@@H](C2)N(CC2CC2)CC[C@]314,c1ccc(CCCOC23Cc4cc(-c5ccncc5)cnc4C4Oc5cccc6c5C42CCN(CC2CC2)C3C6)cc1,0
471,NC(=O)c1ccc2c(c1O)[C@@]13CCCC[C@@]1(O)[C@@H](C2)N(CC1CC1)CC3,c1ccc2c(c1)CC1C3CCCCC23CCN1CC1CC1,0
472,Oc1ccc2c3c1O[C@H]1c4ncc(-c5cccnc5)cc4C[C@@]4(OCCCc5ccccc5)[C@@H](C2)N(CC2CC2)CC[C@]314,c1ccc(CCCOC23Cc4cc(-c5cccnc5)cnc4C4Oc5cccc6c5C42CCN(CC2CC2)C3C6)cc1,0
474,CCC(=O)N(Cc1cccnc1)C1(C(=O)NCCc2cccc(F)c2)CCN(CCc2ccccc2)CC1,O=C(NCCc1ccccc1)C1(NCc2cccnc2)CCN(CCc2ccccc2)CC1,0
476,O=C1C[C@]23CCN(CC4CC4)[C@H](Cc4ccc(O)cc42)[C@]3(O)CC/C1=C/c1ccccc1,O=C1CC23CCN(CC4CC4)C(Cc4ccccc42)C3CCC1=Cc1ccccc1,0
477,CC1(C)C(C(=O)N(c2ccccc2)C2CCN(CCc3ccccc3)CC2)C1(C)C,O=C(C1CC1)N(c1ccccc1)C1CCN(CCc2ccccc2)CC1,0
486,CN(C)Cc1ccccc1-c1cnc2c(c1)C[C@@]1(OCCCc3ccccc3)[C@H]3Cc4ccc(O)c5c4[C@@]1(CCN3CC1CC1)[C@H]2O5,c1ccc(CCCOC23Cc4cc(-c5ccccc5)cnc4C4Oc5cccc6c5C42CCN(CC2CC2)C3C6)cc1,0
488,Cc1ncc2c(n1)C1Oc3c(O)ccc4c3C13CCN(C)C(C4)C3(O)C2,c1cc2c3c(c1)OC1c4ncncc4CC4C(C2)NCCC314,0
494,C[C@H]1c2c(c3c(n2Cc2ccccc2)[C@@H]2Oc4c(O)ccc5c4[C@@]24CCN(C)[C@H](C5)[C@]4(O)C3)CC2(O)[C@H]3Cc4ccc(O)c(O)c4[C@@]12CCN3C,c1ccc(Cn2c3c(c4c2C2Oc5cccc6c5C25CCNC(C6)C5C4)CC2C4Cc5ccccc5C2(CCN4)C3)cc1,0
502,Cc1cc(-c2cnc3c(c2)C[C@@]2(OCCCc4ccccc4)[C@H]4Cc5ccc(O)c6c5[C@@]2(CCN4CC2CC2)[C@H]3O6)ccn1,c1ccc(CCCOC23Cc4cc(-c5ccncc5)cnc4C4Oc5cccc6c5C42CCN(CC2CC2)C3C6)cc1,0
512,Oc1cccc(CNc2ccc3c(c2)[C@@]24CCCC[C@H]2[C@@H](C3)N(CC2CCC2)CC4)c1,c1ccc(CNc2ccc3c(c2)C24CCCCC2C(C3)N(CC2CCC2)CC4)cc1,0
525,COc1cccc(CNc2ccc3c(c2)[C@@]24CCCC[C@H]2[C@@H](C3)N(CC2CC2)CC4)c1,c1ccc(CNc2ccc3c(c2)C24CCCCC2C(C3)N(CC2CC2)CC4)cc1,0
527,O=C(NCc1ccccc1)Oc1ccc2c(c1)C13CCCCC1C(C2)N(CC1CC1)CC3,O=C(NCc1ccccc1)Oc1ccc2c(c1)C13CCCCC1C(C2)N(CC1CC1)CC3,0
536,CCCC(=O)N(c1ccc(F)cc1)C1CCN(CCc2ccccc2)CC1,c1ccc(CCN2CCC(Nc3ccccc3)CC2)cc1,0
537,Cc1cc(F)ccc1-c1cnc2c(c1)C[C@@]1(OCCCc3ccccc3)[C@H]3Cc4ccc(O)c5c4[C@@]1(CCN3CC1CC1)[C@H]2O5,c1ccc(CCCOC23Cc4cc(-c5ccccc5)cnc4C4Oc5cccc6c5C42CCN(CC2CC2)C3C6)cc1,0
540,CCC(=O)N(Cc1cccc(Cl)c1)C1(C(=O)NCCc2cccc(F)c2)CCN(CCc2ccccc2)CC1,O=C(NCCc1ccccc1)C1(NCc2ccccc2)CCN(CCc2ccccc2)CC1,0
548,CN1CC[C@]23c4c5ccc(O)c4O[C@H]2C(=O)CC[C@@]3(O)[C@H]1C5,O=C1CCC2C3Cc4cccc5c4C2(CCN3)C1O5,0
552,Cc1cccc(C)c1-c1cnc2c(c1)C[C@@]1(OCCCc3ccccc3)[C@H]3Cc4ccc(O)c5c4[C@@]1(CCN3CC1CC1)[C@H]2O5,c1ccc(CCCOC23Cc4cc(-c5ccccc5)cnc4C4Oc5cccc6c5C42CCN(CC2CC2)C3C6)cc1,0
558,O=C(C1CCCO1)N(c1ccccc1)C1CCN(CCc2ccccc2)CC1,O=C(C1CCCO1)N(c1ccccc1)C1CCN(CCc2ccccc2)CC1,0
562,Oc1ccc2c3c1O[C@H]1c4ncc(-c5cncnc5)cc4C[C@@]4(OCCCc5ccccc5)[C@@H](C2)N(CC2CC2)CC[C@]314,c1ccc(CCCOC23Cc4cc(-c5cncnc5)cnc4C4Oc5cccc6c5C42CCN(CC2CC2)C3C6)cc1,0
574,O=C(c1ccoc1)N(c1ccccc1)C1CCN(CCc2ccccc2)CC1,O=C(c1ccoc1)N(c1ccccc1)C1CCN(CCc2ccccc2)CC1,0
584,O=C(C1CCC1)N(c1ccccc1)C1CCN(CCc2ccccc2)CC1,O=C(C1CCC1)N(c1ccccc1)C1CCN(CCc2ccccc2)CC1,0
589,Oc1ccc2c3c1O[C@H]1c4ncc(-c5ccccc5)cc4C[C@@]4(OCCCc5ccccn5)[C@@H](C2)N(CC2CC2)CC[C@]314,c1ccc(-c2cnc3c(c2)CC2(OCCCc4ccccn4)C4Cc5cccc6c5C2(CCN4CC2CC2)C3O6)cc1,0
602,CC(C)C(=O)N(c1ccc(F)cc1)C1CCN(CCc2ccccc2)CC1,c1ccc(CCN2CCC(Nc3ccccc3)CC2)cc1,0
614,Oc1ccc2c3c1O[C@H]1c4ncc(-c5ccccc5)cc4C[C@@]4(OCCCc5ccccc5)[C@@H](C2)N(CC2CC2)CC[C@]314,c1ccc(CCCOC23Cc4cc(-c5ccccc5)cnc4C4Oc5cccc6c5C42CCN(CC2CC2)C3C6)cc1,0
620,NC(=O)Nc1ccc2c(c1)[C@@]13CCCC[C@H]1[C@@H](C2)N(CC1CC1)CC3,c1ccc2c(c1)CC1C3CCCCC23CCN1CC1CC1,0
629,COCC(=O)N(c1ccccc1F)C1CCN(CCc2ccccc2)CC1,c1ccc(CCN2CCC(Nc3ccccc3)CC2)cc1,0
646,CO[C@@]12CCCC[C@@]13CCN(CC1CCC1)[C@@H]2Cc1ccc(O)cc13,c1ccc2c(c1)CC1C3CCCCC23CCN1CC1CCC1,0
653,Oc1ccc2c3c1O[C@H]1c4c(c5c(n4Cc4ccccc4)[C@@H]4Oc6c(O)ccc7c6[C@@]46CCN(CC4CC4)[C@H](C7)[C@]6(O)C5)C[C@@]4(O)[C@@H](C2)N(CC2CC2)CC[C@]314,c1ccc(Cn2c3c(c4c2C2Oc5cccc6c5C25CCN(CC2CC2)C(C6)C5C4)CC2C4Cc5cccc6c5C2(CCN4CC2CC2)C3O6)cc1,0
655,O=C1C[C@]23CCN(CC4CC4)[C@H](Cc4ccc(O)cc42)[C@]3(O)C/C1=C/c1ccccc1,O=C1CC23CCN(CC4CC4)C(Cc4ccccc42)C3CC1=Cc1ccccc1,0
670,Oc1cccc(-c2cnc3c(c2)C[C@@]2(OCCCc4ccccc4)[C@H]4Cc5ccc(O)c6c5[C@@]2(CCN4CC2CC2)[C@H]3O6)c1,c1ccc(CCCOC23Cc4cc(-c5ccccc5)cnc4C4Oc5cccc6c5C42CCN(CC2CC2)C3C6)cc1,0
673,CCC(=O)N(Cc1ccco1)C1(C(=O)NCCc2cccc(F)c2)CCN(CCc2ccccc2)CC1,O=C(NCCc1ccccc1)C1(NCc2ccco2)CCN(CCc2ccccc2)CC1,0
678,Oc1ccc2c3c1O[C@H]1[C@@H](O)CC[C@@]4(O)[C@@H](C2)N(CC2CCC2)CC[C@]314,c1cc2c3c(c1)OC1CCCC4C(C2)N(CC2CCC2)CCC314,0
682,Oc1ccc2c3c1O[C@H]1c4ncc(-c5ccccc5)cc4C[C@@]4(OCCCc5ccc(F)cc5)[C@@H](C2)N(CC2CC2)CC[C@]314,c1ccc(CCCOC23Cc4cc(-c5ccccc5)cnc4C4Oc5cccc6c5C42CCN(CC2CC2)C3C6)cc1,0
685,Oc1ccc2c3c1O[C@H]1c4ncc(-c5ccccc5C5CC5)cc4C[C@@]4(OCCCc5ccccc5)[C@@H](C2)N(CC2CC2)CC[C@]314,c1ccc(CCCOC23Cc4cc(-c5ccccc5C5CC5)cnc4C4Oc5cccc6c5C42CCN(CC2CC2)C3C6)cc1,0
687,Oc1ccc2c3c1O[C@H]1c4ncc(-c5ccccn5)cc4C[C@@]4(OCCCc5ccccc5)[C@@H](C2)N(CC2CC2)CC[C@]314,c1ccc(CCCOC23Cc4cc(-c5ccccn5)cnc4C4Oc5cccc6c5C42CCN(CC2CC2)C3C6)cc1,0
688,Oc1ccc2c3c1O[C@H]1c4ncc(-c5ccccc5)cc4C[C@@]4(OCCCC5CCOCC5)[C@@H](C2)N(CC2CC2)CC[C@]314,c1ccc(-c2cnc3c(c2)CC2(OCCCC4CCOCC4)C4Cc5cccc6c5C2(CCN4CC2CC2)C3O6)cc1,0
695,O=C1/C(=C/c2ccccc2)C[C@@]2(O)[C@H]3Cc4ccc(O)c5c4[C@@]2(CCN3CCc2ccccc2)[C@H]1O5,O=C1C(=Cc2ccccc2)CC2C3Cc4cccc5c4C2(CCN3CCc2ccccc2)C1O5,0
698,COc1ccc(-c2cnc3c(c2)C[C@@]2(OCCCc4ccccc4)[C@H]4Cc5ccc(O)c6c5[C@@]2(CCN4CC2CC2)[C@H]3O6)cc1,c1ccc(CCCOC23Cc4cc(-c5ccccc5)cnc4C4Oc5cccc6c5C42CCN(CC2CC2)C3C6)cc1,0
707,CCCC(=O)N(c1ccccc1)C1CCN(CCc2ccccc2)CC1,c1ccc(CCN2CCC(Nc3ccccc3)CC2)cc1,0
713,CCC(=O)N(CCc1ccccc1)C1(C(=O)NCCc2cccc(F)c2)CCN(CCc2ccccc2)CC1,O=C(NCCc1ccccc1)C1(NCCc2ccccc2)CCN(CCc2ccccc2)CC1,0
716,CN1CCC23c4c5ccc(O)c4OC2c2nc(O)ncc2CC3(O)C1C5,c1cc2c3c(c1)OC1c4ncncc4CC4C(C2)NCCC314,0
719,Cc1nocc1-c1cnc2c(c1)C[C@@]1(OCCCc3ccccc3)[C@H]3Cc4ccc(O)c5c4[C@@]1(CCN3CC1CC1)[C@H]2O5,c1ccc(CCCOC23Cc4cc(-c5cnoc5)cnc4C4Oc5cccc6c5C42CCN(CC2CC2)C3C6)cc1,0
723,O=C(C1CCCC1)N(c1ccccc1)C1CCN(CCc2ccccc2)CC1,O=C(C1CCCC1)N(c1ccccc1)C1CCN(CCc2ccccc2)CC1,0
727,Oc1ccc2c3c1O[C@H]1c4ncc(-c5ccc(F)cc5F)cc4C[C@@]4(OCCCc5ccccc5)[C@@H](C2)N(CC2CC2)CC[C@]314,c1ccc(CCCOC23Cc4cc(-c5ccccc5)cnc4C4Oc5cccc6c5C42CCN(CC2CC2)C3C6)cc1,0
728,c1cc2c(cc1CNc1ccc3c(c1)[C@@]14CCCC[C@H]1[C@@H](C3)N(CC1CC1)CC4)OCO2,c1cc2c(cc1CNc1ccc3c(c1)C14CCCCC1C(C3)N(CC1CC1)CC4)OCO2,0
744,Oc1ccc2c(c1)[C@@]13CCCC[C@H]1[C@@H](C2)N(CC1CC1)CC3,c1ccc2c(c1)CC1C3CCCCC23CCN1CC1CC1,0
750,C=CC(=O)N(c1ccn(-c2ccccc2)n1)C1CCN(CCc2ccccc2)CC1,c1ccc(CCN2CCC(Nc3ccn(-c4ccccc4)n3)CC2)cc1,0
754,CN1CC[C@]23CCCC[C@H]2[C@H]1Cc1ccc(NCc2cccc(O)c2)cc13,c1ccc(CNc2ccc3c(c2)C24CCCCC2C(C3)NCC4)cc1,0
762,NC(=O)[C@H](Cc1ccccc1)NC(=O)[C@H](Cc1ccccc1)NC(=O)[C@H]1CCCN1C(=O)[C@@H](N)Cc1ccccc1,O=C(NCCc1ccccc1)C(Cc1ccccc1)NC(=O)C1CCCN1C(=O)CCc1ccccc1,0
763,CCC(=O)N(c1ccc(F)cc1)C1CCN(CCc2ccccc2)CC1,c1ccc(CCN2CCC(Nc3ccccc3)CC2)cc1,0
769,Cn1cc(-c2cnc3c(c2)C[C@@]2(OCCCc4ccccc4)[C@H]4Cc5ccc(O)c6c5[C@@]2(CCN4CC2CC2)[C@H]3O6)cn1,c1ccc(CCCOC23Cc4cc(-c5cn[nH]c5)cnc4C4Oc5cccc6c5C42CCN(CC2CC2)C3C6)cc1,0
770,O=C1CC[C@@]2(OCCCc3ccccc3)[C@H]3Cc4cccc(O)c4C2(CCN3CC2CC2)C1,O=C1CCC2(OCCCc3ccccc3)C3Cc4ccccc4C2(CCN3CC2CC2)C1,0
773,CCC(=O)N(c1ccccc1)C1(C(=O)NCCc2cccc(F)c2)CCN(CCc2ccccc2)CC1,O=C(NCCc1ccccc1)C1(Nc2ccccc2)CCN(CCc2ccccc2)CC1,0
779,COc1ccc2c3c1O[C@H]1C(=O)CC[C@@]4(O)[C@@H](C2)N(C)CC[C@]314,O=C1CCC2C3Cc4cccc5c4C2(CCN3)C1O5,0
781,CN1CC[C@]23CCCC[C@H]2[C@H]1Cc1ccc(O)cc13,c1ccc2c(c1)CC1NCCC23CCCCC13,0
787,O=C(c1ccco1)N(c1ccccc1)C1CCN(CCc2ccccc2)CC1,O=C(c1ccco1)N(c1ccccc1)C1CCN(CCc2ccccc2)CC1,0
798,CCCCC(=O)N(c1ccccc1)C1CCN(CCc2ccccc2)CC1,c1ccc(CCN2CCC(Nc3ccccc3)CC2)cc1,0
801,Oc1ccc2c3c1O[C@H]1c4ncc(-c5ccc(Br)cc5)cc4C[C@@]4(OCCCc5ccccc5)[C@@H](C2)N(CC2CC2)CC[C@]314,c1ccc(CCCOC23Cc4cc(-c5ccccc5)cnc4C4Oc5cccc6c5C42CCN(CC2CC2)C3C6)cc1,0
802,NC(=O)[C@H](Cc1ccccc1)NC(=O)[C@H](Cc1ccccc1)NC(=O)[C@@H]1CCCN1C(=O)[C@@H](N)Cc1ccc(O)cc1,O=C(NCCc1ccccc1)C(Cc1ccccc1)NC(=O)C1CCCN1C(=O)CCc1ccccc1,0
808,CN1CC[C@]23c4c5ccc(O)c4O[C@H]2C(=O)/C(=C/c2ccccc2)C[C@@]3(O)[C@H]1C5,O=C1C(=Cc2ccccc2)CC2C3Cc4cccc5c4C2(CCN3)C1O5,0
812,CC(C)(C)C(=O)N(c1ccccc1)C1CCN(CCc2ccccc2)CC1,c1ccc(CCN2CCC(Nc3ccccc3)CC2)cc1,0
836,Cc1nnc(-c2cnc3c(c2)C[C@@]2(OCCCc4ccccc4)[C@H]4Cc5ccc(O)c6c5[C@@]2(CCN4CC2CC2)[C@H]3O6)o1,c1ccc(CCCOC23Cc4cc(-c5nnco5)cnc4C4Oc5cccc6c5C42CCN(CC2CC2)C3C6)cc1,0
842,O=C(c1ccccc1)N(c1ccccc1)C1(C(=O)NCCc2cccc(F)c2)CCN(CCc2ccccc2)CC1,O=C(c1ccccc1)N(c1ccccc1)C1(C(=O)NCCc2ccccc2)CCN(CCc2ccccc2)CC1,0
844,CN(C)c1cccc(-c2cnc3c(c2)C[C@@]2(OCCCc4ccccc4)[C@H]4Cc5ccc(O)c6c5[C@@]2(CCN4CC2CC2)[C@H]3O6)c1,c1ccc(CCCOC23Cc4cc(-c5ccccc5)cnc4C4Oc5cccc6c5C42CCN(CC2CC2)C3C6)cc1,0
845,O=C(C1CCCCC1)N(c1ccccc1)C1CCN(CCc2ccccc2)CC1,O=C(C1CCCCC1)N(c1ccccc1)C1CCN(CCc2ccccc2)CC1,0
850,CCC(=O)N(Cc1cccs1)C1(C(=O)Nc2ccc(OC)cc2)CCN(CCc2ccccc2)CC1,O=C(Nc1ccccc1)C1(NCc2cccs2)CCN(CCc2ccccc2)CC1,0
853,CN1CC[C@]23c4c5ccc(O)c4O[C@H]2CCC[C@@]3(O)[C@H]1C5,c1cc2c3c(c1)OC1CCCC4C(C2)NCCC314,0
865,C=C(C)C(=O)N(c1ccccc1)C1CCN(CCc2ccccc2)CC1,c1ccc(CCN2CCC(Nc3ccccc3)CC2)cc1,0
872,CN1CC[C@]23c4c5ccc(O)c4O[C@H]2c2[nH]c4c(c2C[C@@]3(O)[C@H]1C5)C[C@@]1(O)[C@H]2Cc3ccc(O)c5c3[C@@]1(CCN2C)[C@H]4O5,c1cc2c3c(c1)OC1c4[nH]c5c(c4CC4C(C2)NCCC314)CC1C2Cc3cccc4c3C1(CCN2)C5O4,0
873,CCC(=O)N(c1ccccc1F)C1CCN(CCc2ccccc2)CC1,c1ccc(CCN2CCC(Nc3ccccc3)CC2)cc1,0
877,CN1CCC23c4c5ccc(O)c4OC2c2n[nH]cc2CC3(O)C1C5,c1cc2c3c(c1)OC1c4n[nH]cc4CC4C(C2)NCCC314,0
878,CC(C)C(=O)N(c1ccccc1)C1CCN(CCc2ccccc2)CC1,c1ccc(CCN2CCC(Nc3ccccc3)CC2)cc1,0
880,CC(C)CC(=O)N(c1ccccc1)C1CCN(CCc2ccccc2)CC1,c1ccc(CCN2CCC(Nc3ccccc3)CC2)cc1,0
894,Oc1ccc2c3c1O[C@H]1c4ncc(-c5cnccn5)cc4C[C@@]4(OCCCc5ccccc5)[C@@H](C2)N(CC2CC2)CC[C@]314,c1ccc(CCCOC23Cc4cc(-c5cnccn5)cnc4C4Oc5cccc6c5C42CCN(CC2CC2)C3C6)cc1,0
896,Oc1ccc2c(c1)[C@]13CCN(CC4CC4)[C@H](C2)[C@]1(O)CCc1c([nH]c2ccccc12)C3,c1ccc2c(c1)CC1C3CCc4c([nH]c5ccccc45)CC23CCN1CC1CC1,0
897,CN1CC[C@]23c4cccc(O)c4O[C@H]2CCC[C@H]3C1,c1ccc2c(c1)OC1CCCC3CNCCC231,0
903,CC[C@H](C)[C@H](NC(=O)[C@H](CCCN=C(N)N)NC(=O)[C@H](CCCN=C(N)N)NC(=O)[C@H](CC(C)C)NC(=O)[C@H](Cc1ccccc1)NC(=O)CNC(=O)CNC(=O)[C@@H](N)Cc1ccc(O)cc1)C(=O)N[C@@H](CCCN=C(N)N)C(=O)N1CCC[C@H]1C(=O)N[C@@H](CCCCN)C(=O)N[C@@H](CC(C)C)C(=O)N[C@@H](CCCCN)C(=O)N[C@@H](Cc1c[nH]c2ccccc12)C(=O)N[C@@H](CC(=O)O)C(=O)N[C@@H](CC(N)=O)C(=O)N[C@@H](CCC(N)=O)C(=O)O,O=C(CCc1ccccc1)NCC(=O)NCC(=O)NC(Cc1ccccc1)C(=O)NCC(=O)NCC(=O)NCC(=O)NCC(=O)NCC(=O)N1CCCC1C(=O)NCC(=O)NCC(=O)NCC(=O)NCCc1c[nH]c2ccccc12,0
907,COc1cccc(CNc2ccc3c(c2)[C@@]24CCCC[C@H]2[C@@H](C3)N(CC2CCC2)CC4)c1,c1ccc(CNc2ccc3c(c2)C24CCCCC2C(C3)N(CC2CCC2)CC4)cc1,0
928,Oc1ccc2c(c1)[C@@]13CCCC[C@@]1(O)[C@@H](C2)N(CC1CCC1)CC3,c1ccc2c(c1)CC1C3CCCCC23CCN1CC1CCC1,0
935,CCC(=O)N(Cc1ccc(C)cc1)C1(C(=O)NCCc2cccc(F)c2)CCN(CCc2ccccc2)CC1,O=C(NCCc1ccccc1)C1(NCc2ccccc2)CCN(CCc2ccccc2)CC1,0
939,COc1ccc(CNc2ccc3c(c2)[C@@]24CCCC[C@H]2[C@@H](C3)N(CC2CC2)CC4)cc1,c1ccc(CNc2ccc3c(c2)C24CCCCC2C(C3)N(CC2CC2)CC4)cc1,0
941,Oc1cccc2c1O[C@H]1CCC[C@H]3CN(CCc4ccccc4)CC[C@@]231,c1ccc(CCN2CCC34c5ccccc5OC3CCCC4C2)cc1,0
943,Oc1ccc(CNc2ccc3c(c2)[C@@]24CCCC[C@H]2[C@@H](C3)N(CC2CC2)CC4)cc1,c1ccc(CNc2ccc3c(c2)C24CCCCC2C(C3)N(CC2CC2)CC4)cc1,0
948,CN1CCC23c4c5ccc(O)c4OC2c2nc(N)ncc2CC3(O)C1C5,c1cc2c3c(c1)OC1c4ncncc4CC4C(C2)NCCC314,0
949,CCC(=O)N(Cc1ccco1)C1(C(=O)Nc2ccc(OC)cc2)CCN(CCc2ccccc2)CC1,O=C(Nc1ccccc1)C1(NCc2ccco2)CCN(CCc2ccccc2)CC1,0
950,COc1ccccc1-c1cnc2c(c1)C[C@@]1(OCCCc3ccccc3)[C@H]3Cc4ccc(O)c5c4[C@@]1(CCN3CC1CC1)[C@H]2O5,c1ccc(CCCOC23Cc4cc(-c5ccccc5)cnc4C4Oc5cccc6c5C42CCN(CC2CC2)C3C6)cc1,0
951,C=CC(=O)N(c1ccccc1)C1CCN(CCc2ccccc2)CC1,c1ccc(CCN2CCC(Nc3ccccc3)CC2)cc1,0
955,COc1cccc2c1C13CCN(CC4CC4)[C@H](C2)[C@]1(OCCCc1ccccc1)CCC(=O)C3,O=C1CCC2(OCCCc3ccccc3)C3Cc4ccccc4C2(CCN3CC2CC2)C1,0
957,CN1CCC23c4c5ccc(O)c4OC2c2nc(-c4ccccc4)ncc2CC3(O)C1C5,c1ccc(-c2ncc3c(n2)C2Oc4cccc5c4C24CCNC(C5)C4C3)cc1,0
963,Cc1ccccc1-c1cnc2c(c1)C[C@@]1(OCCCc3ccccc3)[C@H]3Cc4ccc(O)c5c4[C@@]1(CCN3CC1CC1)[C@H]2O5,c1ccc(CCCOC23Cc4cc(-c5ccccc5)cnc4C4Oc5cccc6c5C42CCN(CC2CC2)C3C6)cc1,0
967,CCC(=O)N(c1ccccc1)C1(C(=O)Nc2ccc(OC)cc2)CCN(CCc2ccccc2)CC1,O=C(Nc1ccccc1)C1(Nc2ccccc2)CCN(CCc2ccccc2)CC1,0
970,Oc1ccccc1CNc1ccc2c(c1)[C@@]13CCCC[C@H]1[C@@H](C2)N(CC1CCC1)CC3,c1ccc(CNc2ccc3c(c2)C24CCCCC2C(C3)N(CC2CCC2)CC4)cc1,0
974,CCC(=O)N(Cc1ccncc1)C1(C(=O)Nc2ccc(OC)cc2)CCN(CCc2ccccc2)CC1,O=C(Nc1ccccc1)C1(NCc2ccncc2)CCN(CCc2ccccc2)CC1,0
975,COc1cccc2c1[C@]13CCN(CC4CC4)[C@H](C2)[C@]1(OC)CCC(=O)C3,O=C1CCC2C3Cc4ccccc4C2(CCN3CC2CC2)C1,0
978,O=c1[nH]c2ccccc2n1C1CCN(C2(CO)CCCCCCC2)CC1,O=c1[nH]c2ccccc2n1C1CCN(C2CCCCCCC2)CC1,0
981,CN(C)c1ccccc1-c1cnc2c(c1)C[C@@]1(OCCCc3ccccc3)[C@H]3Cc4ccc(O)c5c4[C@@]1(CCN3CC1CC1)[C@H]2O5,c1ccc(CCCOC23Cc4cc(-c5ccccc5)cnc4C4Oc5cccc6c5C42CCN(CC2CC2)C3C6)cc1,0
8,C[C@H]1C2Cc3ccc(C(=O)NCCc4ccc(-c5ccccc5)cc4)cc3[C@@]1(C)CCN2CC1CC1,O=C(NCCc1ccc(-c2ccccc2)cc1)c1ccc2c(c1)C1CCN(CC3CC3)C(C2)C1,1
14,COc1ccc2cc(CCNC(=O)c3ccc4c(c3)C3(C)CCN(CC5CC5)C(C4)C3C)ccc2c1,O=C(NCCc1ccc2ccccc2c1)c1ccc2c(c1)C1CCN(CC3CC3)C(C2)C1,1
22,CO[C@]12CC[C@@]3(C[C@@H]1C(C)(C)O)[C@H]1Cc4ccc(O)c5c4[C@@]3(CCN1CC1CC1)[C@H]2O5,c1cc2c3c(c1)OC1C4CCC5(CC4)C(C2)N(CC2CC2)CCC315,1
32,COC(=O)N1CC[C@]23c4c5ccc(O)c4O[C@H]2[C@@H](O)[C@H](O)C(=O)[C@H]3[C@H]1C5,O=C1CCC2Oc3cccc4c3C23CCNC(C4)C13,1
39,CC1CN(CCCc2ccccc2)[C@@H]2C[C@@H](NC(=O)C3(c4ccccc4)CCCC3)C[C@@]1(c1cccc(O)c1)C2,O=C(NC1CC2CC(c3ccccc3)(CCN2CCCc2ccccc2)C1)C1(c2ccccc2)CCCC1,1
51,CO[C@@]12CC[C@@]3(C[C@@H]1[C@@](C)(O)C(C)(C)C)[C@H]1Cc4ccc(C(N)=O)c5c4[C@@]3(CCN1CC1CC1)[C@H]2O5,c1cc2c3c(c1)OC1C4CCC5(CC4)C(C2)N(CC2CC2)CCC315,1
54,NC(=O)c1cccc([C@H]2C[C@H]3CC[C@@H](C2)N3CCN(CC2CCCCC2)C(=O)Cc2nnn[nH]2)c1,O=C(Cc1nnn[nH]1)N(CCN1C2CCC1CC(c1ccccc1)C2)CC1CCCCC1,1
56,NC(=O)c1cccc([C@H]2C[C@H]3CC[C@@H](C2)N3CCN(CC2CCCC2)C(=O)CO)c1,c1ccc(C2CC3CCC(C2)N3CCNCC2CCCC2)cc1,1
59,NC(=O)c1cccc([C@H]2C[C@H]3CC[C@@H](C2)N3CCN(CC2CCCCC2)C(=O)[C@@H](O)CO)c1,c1ccc(C2CC3CCC(C2)N3CCNCC2CCCCC2)cc1,1
64,C[C@H]1CN(CCCc2ccccc2)[C@@H]2C[C@@H](NC(=O)C3(c4ccccc4)CCCCC3)C[C@@]1(c1cccc(O)c1)C2,O=C(NC1CC2CC(c3ccccc3)(CCN2CCCc2ccccc2)C1)C1(c2ccccc2)CCCCC1,1
68,CO[C@]12CC[C@@]3(C[C@@H]1[C@](C)(O)c1cccs1)[C@H]1Cc4ccc(O)c5c4[C@@]3(CCN1CC1CC1)[C@H]2O5,c1csc(CC2CC34CCC2C2Oc5cccc6c5C23CCN(CC2CC2)C4C6)c1,1
72,C[C@H]1CN(CCCc2ccccc2)[C@@H]2C[C@@H](NC(=O)C3(c4cccc5ccccc45)CCCC3)C[C@@]1(c1cccc(O)c1)C2,O=C(NC1CC2CC(c3ccccc3)(CCN2CCCc2ccccc2)C1)C1(c2cccc3ccccc23)CCCC1,1
73,CO[C@]12CC[C@@]3(C[C@@H]1[C@@](C)(O)C(C)(C)C)[C@H]1Cc4c(Cl)cc(O)c5c4[C@@]3(CCN1CC1CC1)[C@H]2O5,c1cc2c3c(c1)OC1C4CCC5(CC4)C(C2)N(CC2CC2)CCC315,1
77,CO[C@]12CC[C@@]3(C[C@@H]1[C@@](C)(O)c1ccncc1)[C@H]1Cc4ccc(O)c5c4[C@@]3(CCN1CC1CC1)[C@H]2O5,c1cc2c3c(c1)OC1C4CCC5(CC4Cc4ccncc4)C(C2)N(CC2CC2)CCC315,1
90,COC(=O)N(CCN1[C@@H]2CC[C@H]1C[C@@H](c1cccc(C(N)=O)c1)C2)CC1CCCCC1,c1ccc(C2CC3CCC(C2)N3CCNCC2CCCCC2)cc1,1
95,C[C@H]1CN(CCCc2ccccc2)[C@@H]2C[C@@H](NC(=O)C3(c4ccsc4)CCCC3)C[C@@]1(c1cccc(O)c1)C2,O=C(NC1CC2CC(c3ccccc3)(CCN2CCCc2ccccc2)C1)C1(c2ccsc2)CCCC1,1
96,NC(=O)c1cccc([C@H]2C[C@H]3CC[C@@H](C2)N3CCN(CC2CCCCC2)C(=O)C(F)(F)F)c1,c1ccc(C2CC3CCC(C2)N3CCNCC2CCCCC2)cc1,1
97,NC(=O)c1cccc([C@H]2C[C@H]3CC[C@@H](C2)N3CCNCC2CCCCC2)c1,c1ccc(C2CC3CCC(C2)N3CCNCC2CCCCC2)cc1,1
100,NC(=O)c1cccc([C@H]2C[C@H]3CC[C@@H](C2)N3CCN(CC2CCCCC2)C(=O)CO)c1,c1ccc(C2CC3CCC(C2)N3CCNCC2CCCCC2)cc1,1
113,Cc1ccccc1C=CCN1C[C@H](C)[C@@]2(c3cccc(O)c3)C[C@H](NC(=O)C(C)(C)c3ccccc3)C[C@@H]1C2,O=C(Cc1ccccc1)NC1CC2CC(c3ccccc3)(CCN2CC=Cc2ccccc2)C1,1
119,C[C@H]1CN(CCCc2ccccc2)[C@@H]2C[C@@H](NC(=O)C3(c4ccccc4)CCC3)C[C@@]1(c1cccc(O)c1)C2,O=C(NC1CC2CC(c3ccccc3)(CCN2CCCc2ccccc2)C1)C1(c2ccccc2)CCC1,1
121,CO[C@]12CC[C@@]3(C[C@@H]1[C@](C)(O)c1ccccc1)[C@H]1Cc4ccc(O)c5c4[C@@]3(CCN1CC1CC1)[C@H]2O5,c1ccc(CC2CC34CCC2C2Oc5cccc6c5C23CCN(CC2CC2)C4C6)cc1,1
122,Cc1cc(O)cc(C)c1C[C@@H](C(=O)N1Cc2ccccc2C[C@H]1C(=O)OC1=C2O[C@H]3[C@@H](O)C=C[C@H]4[C@H]5CC(C=C1)C2[C@]43CCN5C)N(C)C,O=C(OC1=C2OC3CC=CC4C5CC(C=C1)C2C34CCN5)C1Cc2ccccc2CN1C(=O)CCc1ccccc1,1
127,CC(=O)N(CCN1[C@@H]2CC[C@H]1C[C@@H](c1cccc(C(N)=O)c1)C2)CC1CCCCC1,c1ccc(C2CC3CCC(C2)N3CCNCC2CCCCC2)cc1,1
145,CC(C)NC(=O)N(CCN1[C@@H]2CC[C@H]1C[C@@H](c1cccc(C(N)=O)c1)C2)CC1CCCCC1,c1ccc(C2CC3CCC(C2)N3CCNCC2CCCCC2)cc1,1
154,COC(=O)N1CC[C@]23c4c5ccc(O)c4O[C@H]2[C@@H](O)C=C[C@H]3[C@H]1C5,C1=CC2C3Cc4cccc5c4C2(CCN3)C(C1)O5,1
168,CN1CC[C@]23c4c5ccc(OCCN6CCOCC6)c4O[C@H]2[C@@H](O)C=C[C@H]3[C@H]1C5,C1=CC2C3Cc4ccc(OCCN5CCOCC5)c5c4C2(CCN3)C(C1)O5,1
171,CCC(CC)(C(=O)N[C@@H]1C[C@@H]2C[C@](c3cccc(O)c3)(C1)[C@@H](C)CN2CCCc1ccccc1)c1ccccc1,O=C(Cc1ccccc1)NC1CC2CC(c3ccccc3)(CCN2CCCc2ccccc2)C1,1
176,NC(=O)c1cccc([C@H]2C[C@H]3CC[C@@H](C2)N3CCN(CC2CCC2)C(=O)CO)c1,c1ccc(C2CC3CCC(C2)N3CCNCC2CCC2)cc1,1
180,Cc1ccccc1/C=C/CN1C[C@H](C)[C@@]2(c3cccc(O)c3)C[C@H](NC(=O)C3(c4ccccc4)CCCC3)C[C@@H]1C2,O=C(NC1CC2CC(c3ccccc3)(CCN2CC=Cc2ccccc2)C1)C1(c2ccccc2)CCCC1,1
181,CS(=O)(=O)N(CCN1[C@@H]2CC[C@H]1C[C@@H](c1cccc(C(N)=O)c1)C2)CC1CCCCC1,c1ccc(C2CC3CCC(C2)N3CCNCC2CCCCC2)cc1,1
186,CO[C@]12CC[C@@]3(C[C@@H]1[C@@](C)(O)c1ccccn1)[C@H]1Cc4ccc(O)c5c4[C@@]3(CCN1CC1CC1)[C@H]2O5,c1ccc(CC2CC34CCC2C2Oc5cccc6c5C23CCN(CC2CC2)C4C6)nc1,1
190,Cc1cc(O)cc(C)c1C[C@@H](C(=O)N1Cc2ccccc2C[C@H]1C(=O)NCCC(=O)OC1=C2O[C@H]3[C@@H](O)C=C[C@H]4[C@H]5CC(C=C1)C2[C@]43CCN5C)N(C)C,O=C(CCNC(=O)C1Cc2ccccc2CN1C(=O)CCc1ccccc1)OC1=C2OC3CC=CC4C5CC(C=C1)C2C34CCN5,1
193,CO[C@]12CC[C@@]3(C[C@@H]1[C@](C)(O)c1ccsc1)[C@H]1Cc4ccc(O)c5c4[C@@]3(CCN1CC1CC1)[C@H]2O5,c1cc2c3c(c1)OC1C4CCC5(CC4Cc4ccsc4)C(C2)N(CC2CC2)CCC315,1
210,CS(=O)(=O)CC(=O)N(CCN1[C@@H]2CC[C@H]1C[C@@H](c1cccc(C(N)=O)c1)C2)CC1CCCCC1,c1ccc(C2CC3CCC(C2)N3CCNCC2CCCCC2)cc1,1
212,C=CCN1CC[C@]23c4c5ccc(O)c4O[C@H]2[C@@H](O)C=C[C@H]3[C@H]1C5,C1=CC2C3Cc4cccc5c4C2(CCN3)C(C1)O5,1
213,CC(C)(C)C(=O)N(CCN1[C@@H]2CC[C@H]1C[C@@H](c1cccc(C(N)=O)c1)C2)CC1CCCCC1,c1ccc(C2CC3CCC(C2)N3CCNCC2CCCCC2)cc1,1
216,C[C@H]1CN(C/C=C/c2ccccc2)[C@@H]2C[C@@H](NC(=O)C(C)(C)c3ccccc3)C[C@@]1(c1cccc(O)c1)C2,O=C(Cc1ccccc1)NC1CC2CC(c3ccccc3)(CCN2CC=Cc2ccccc2)C1,1
217,CCOc1ccc(C(=O)N2CCCC2)cc1CNC(=O)[C@@H](N)Cc1c(C)cc(O)cc1C,O=C(CCc1ccccc1)NCc1cccc(C(=O)N2CCCC2)c1,1
219,CN(C)S(=O)(=O)N(CCN1[C@@H]2CC[C@H]1C[C@@H](c1cccc(C(N)=O)c1)C2)CC1CCCCC1,c1ccc(C2CC3CCC(C2)N3CCNCC2CCCCC2)cc1,1
224,NC(=O)c1cccc([C@H]2C[C@H]3CC[C@@H](C2)N3CCN(CC2CCCCC2)C(=O)c2ccco2)c1,O=C(c1ccco1)N(CCN1C2CCC1CC(c1ccccc1)C2)CC1CCCCC1,1
241,C[C@H]1[C@H]2Cc3ccc(C(=O)NCCc4ccc(-c5ccccc5)cc4)cc3[C@]1(C)CCN2CC1CC1,O=C(NCCc1ccc(-c2ccccc2)cc1)c1ccc2c(c1)C1CCN(CC3CC3)C(C2)C1,0
274,C[C@@H](NC(=O)[C@@H](N)Cc1ccc(O)cc1)C(=O)NCC(=O)N[C@@H](Cc1ccccc1)C(=O)NCCC(=O)N(c1ccccc1)C1CCN(CCc2ccccc2)CC1,O=C(CCc1ccccc1)NCC(=O)NCC(=O)NC(Cc1ccccc1)C(=O)NCCC(=O)N(c1ccccc1)C1CCN(CCc2ccccc2)CC1,0
302,CO[C@]12CC[C@@]3(C[C@@H]1[C@H](O)c1ccccc1)[C@H]1Cc4ccc(O)c5c4[C@@]3(CCN1CC1CC1)[C@H]2O5,c1ccc(CC2CC34CCC2C2Oc5cccc6c5C23CCN(CC2CC2)C4C6)cc1,0
303,CO[C@]12CC[C@@]3(C[C@@H]1[C@@H](O)c1ccccc1)[C@H]1Cc4ccc(O)c5c4[C@@]3(CCN1CC1CC1)[C@H]2O5,c1ccc(CC2CC34CCC2C2Oc5cccc6c5C23CCN(CC2CC2)C4C6)cc1,0
325,CC(C)C[C@H](NC(=O)[C@@H]1CCCN1C(=O)[C@H](Cc1ccccc1)NC(=O)[C@H](Cc1ccccc1)NC(=O)CNC(=O)[C@@H](C)NC(=O)[C@@H](N)Cc1ccc(O)cc1)C(=O)N[C@@H](Cc1c[nH]c2ccccc12)C(=O)OCc1cc(C(F)(F)F)cc(C(F)(F)F)c1,O=C(CCc1ccccc1)NCC(=O)NCC(=O)NC(Cc1ccccc1)C(=O)NC(Cc1ccccc1)C(=O)N1CCCC1C(=O)NCC(=O)NC(Cc1c[nH]c2ccccc12)C(=O)OCc1ccccc1,0
326,CC(C)C[C@H](NC(=O)[C@@H]1CCCN1C(=O)[C@@H](Cc1ccccc1)NC(=O)[C@H](Cc1ccccc1)NC(=O)CNC(=O)[C@@H](C)NC(=O)[C@@H](N)Cc1ccc(O)cc1)C(=O)N[C@@H](Cc1c[nH]c2ccccc12)C(=O)OCc1cc(C(F)(F)F)cc(C(F)(F)F)c1,O=C(CCc1ccccc1)NCC(=O)NCC(=O)NC(Cc1ccccc1)C(=O)NC(Cc1ccccc1)C(=O)N1CCCC1C(=O)NCC(=O)NC(Cc1c[nH]c2ccccc12)C(=O)OCc1ccccc1,0
330,C[C@@H]1CN(CCCc2ccccc2)[C@H]2C[C@H](N)C[C@]1(c1cccc(O)c1)C2,c1ccc(CCCN2CCC3(c4ccccc4)CCCC2C3)cc1,0
331,C[C@H]1CN(CCCc2ccccc2)[C@@H]2C[C@@H](N)C[C@@]1(c1cccc(O)c1)C2,c1ccc(CCCN2CCC3(c4ccccc4)CCCC2C3)cc1,0
341,CN(C)C1(c2ccccc2)CCC2(CC1)OCCc1c2[nH]c2ccc(F)cc12,c1ccc(C2CCC3(CC2)OCCc2c3[nH]c3ccccc23)cc1,0
342,CN(C)[C@]1(c2ccccc2)CC[C@]2(CC1)OCCc1c3cc(F)ccc3[nH]c12,c1ccc(C2CCC3(CC2)OCCc2c3[nH]c3ccccc23)cc1,0
368,Cc1cc(O)cc(C)c1C[C@H](N)C(=O)N[C@H](CCCNC(=N)N)C(=O)N[C@H]1Cc2ccccc2CN(CCC(=O)N[C@@H](CCCNC(=N)N)C(=O)N[C@@H](CCCNC(=N)N)C(=O)N2CCC[C@H]2C(=O)N2Cc3ccc(O)cc3C[C@H]2C(=O)N[C@H](C(=O)N[C@@H](CC(C)C)C(=O)O)C(C)(C)C)C1=O,O=C(CCN1Cc2ccccc2CC(NC(=O)CNC(=O)CCc2ccccc2)C1=O)NCC(=O)NCC(=O)N1CCCC1C(=O)N1CCc2ccccc2C1,0
377,Oc1ccc2c(c1)[C@]13CCN(CC4CCC4)[C@H](C2)[C@@H]1Cc1c([nH]c2ccccc12)C3,c1ccc2c(c1)CC1C3Cc4c([nH]c5ccccc45)CC23CCN1CC1CCC1,0
387,CC(C)C[C@H](NC(=O)[C@H](Cc1ccccc1)NC(=O)CNC(=O)[C@@H](CO)NC(=O)[C@@H](N)Cc1ccc(O)cc1)C(=O)N[C@H](C(=O)O)[C@@H](C)O,O=C(CCc1ccccc1)NCC(=O)NCC(=O)NCCc1ccccc1,0
389,CCOc1ccc(CNCc2ccccc2)cc1CNC(=O)[C@@H](N)Cc1c(C)cc(O)cc1C,O=C(CCc1ccccc1)NCc1cccc(CNCc2ccccc2)c1,0
392,CC(C)C[C@H](NC(=O)[C@H](Cc1ccccc1)NC(=O)CNC(=O)[C@@H](C)NC(=O)[C@@H](N)Cc1ccc(O)cc1)C(=O)NCC(=O)N(c1ccccc1)C1CCN(CCc2ccccc2)CC1,O=C(CCc1ccccc1)NCC(=O)NCC(=O)NC(Cc1ccccc1)C(=O)NCC(=O)NCC(=O)N(c1ccccc1)C1CCN(CCc2ccccc2)CC1,0
395,CCOc1ccc(CN2CCCCC2)cc1CNC(=O)[C@@H](N)Cc1c(C)cc(O)cc1C,O=C(CCc1ccccc1)NCc1cccc(CN2CCCCC2)c1,0
400,C[C@H]1C2Cc3ccc(C(=O)NCCc4ccc(Br)cc4)cc3[C@@]1(C)CCN2CC1CC1,O=C(NCCc1ccccc1)c1ccc2c(c1)C1CCN(CC3CC3)C(C2)C1,0
401,CCOc1ccc(Cc2ccccc2)cc1CNC(=O)[C@@H](N)Cc1c(C)cc(O)cc1C,O=C(CCc1ccccc1)NCc1cccc(Cc2ccccc2)c1,0
406,Cc1cc(O)cc(C)c1C[C@H](N)C(=O)N[C@H](CCCNC(=N)N)C(=O)N[C@H]1Cc2ccccc2CN(CCC(=O)N[C@@H](CCCCN)C(=O)N[C@@H](CCCCN)C(=O)N2CCC[C@H]2C(=O)N2Cc3ccc(O)cc3C[C@H]2C(=O)N[C@H](C(=O)N[C@@H](CC(C)C)C(=O)O)C(C)(C)C)C1=O,O=C(CCN1Cc2ccccc2CC(NC(=O)CNC(=O)CCc2ccccc2)C1=O)NCC(=O)NCC(=O)N1CCCC1C(=O)N1CCc2ccccc2C1,0
407,CC(C)C[C@H](NC(=O)[C@@H]1CCCN1C(=O)[C@H](Cc1ccccc1)NC(=O)CNC(=O)[C@@H](C)NC(=O)[C@@H](N)Cc1ccc(O)cc1)C(=O)N[C@@H](Cc1c[nH]c2ccccc12)C(=O)OCc1ccccc1,O=C(CCc1ccccc1)NCC(=O)NCC(=O)NC(Cc1ccccc1)C(=O)N1CCCC1C(=O)NCC(=O)NC(Cc1c[nH]c2ccccc12)C(=O)OCc1ccccc1,0
408,CCCC[C@H](NC(=O)[C@H](Cc1ccccc1)NC(=O)CNC(=O)[C@@H](C)NC(=O)[C@@H](N)Cc1ccc(O)cc1)C(=O)N1CCC[C@H]1C(=O)N[C@@H](CC(C)C)C(=O)N[C@@H](Cc1c[nH]c2ccccc12)C(=O)OCc1cc(C(F)(F)F)cc(C(F)(F)F)c1,O=C(CCc1ccccc1)NCC(=O)NCC(=O)NC(Cc1ccccc1)C(=O)NCC(=O)N1CCCC1C(=O)NCC(=O)NC(Cc1c[nH]c2ccccc12)C(=O)OCc1ccccc1,0
426,C[C@@H](NC(=O)[C@@H](N)Cc1ccc(O)cc1)C(=O)NCC(=O)N(C)[C@@H](Cc1ccccc1)C(=O)NCCO,O=C(CCc1ccccc1)NCC(=O)NCC(=O)NCCc1ccccc1,0
435,CC(C)C[C@H](NC(=O)[C@@H]1CCCN1C(=O)[C@H](Cc1ccccc1)NC(=O)CNC(=O)[C@@H](C)NC(=O)[C@@H](N)Cc1ccc(O)cc1)C(=O)N[C@@H](Cc1c[nH]c2ccccc12)C(=O)N(C)Cc1ccccc1,O=C(CCc1ccccc1)NCC(=O)NCC(=O)NC(Cc1ccccc1)C(=O)N1CCCC1C(=O)NCC(=O)NC(Cc1c[nH]c2ccccc12)C(=O)NCc1ccccc1,0
437,CC[C@@H](NC(=O)[C@@H](N)Cc1ccc(O)cc1)C(=O)NCC(=O)N[C@@H](Cc1ccccc1)C(=O)N[C@@H](CC(C)C)C(=O)NCC(=O)N(c1ccccc1)C1CCN(CCc2ccccc2)CC1,O=C(CCc1ccccc1)NCC(=O)NCC(=O)NC(Cc1ccccc1)C(=O)NCC(=O)NCC(=O)N(c1ccccc1)C1CCN(CCc2ccccc2)CC1,0
439,CO[C@]12CC[C@@]3(C[C@@H]1[C@](C)(O)c1ccc(Cl)s1)[C@H]1Cc4ccc(O)c5c4[C@@]3(CCN1CC1CC1)[C@H]2O5,c1csc(CC2CC34CCC2C2Oc5cccc6c5C23CCN(CC2CC2)C4C6)c1,0
442,Cc1cc(O)cc(C)c1C[C@H](N)C(=O)N[C@H](CCCCN)C(=O)N[C@@H](Cc1ccccc1)C(=O)N[C@@H](Cc1ccccc1)C(=O)N[C@@H](CCCCN)C(=O)N[C@@H](CCCCN)C(=O)N1CCC[C@H]1C(=O)N[C@@H](Cc1ccccc1)C(=O)N[C@H](C(=O)N[C@@H](CC(C)C)C(=O)O)C(C)(C)C,O=C(CCc1ccccc1)NCC(=O)NC(Cc1ccccc1)C(=O)NC(Cc1ccccc1)C(=O)NCC(=O)NCC(=O)N1CCCC1C(=O)NCCc1ccccc1,0
453,CO[C@]12CC[C@@]3(C[C@@H]1[C@](C)(O)c1cccc(C)c1)[C@H]1Cc4ccc(O)c5c4[C@@]3(CCN1CC1CC1)[C@H]2O5,c1ccc(CC2CC34CCC2C2Oc5cccc6c5C23CCN(CC2CC2)C4C6)cc1,0
457,CNc1nc2c(s1)C[C@H]1[C@H]3Cc4ccc(O)cc4[C@@]1(CCN3CC1CC1)C2,c1ccc2c(c1)CC1C3Cc4scnc4CC23CCN1CC1CC1,0
462,CSCC[C@H](NC(=O)[C@H](Cc1ccccc1)NC(=O)CNC(=O)CNC(=O)[C@@H](N)Cc1ccc(O)cc1)C(=O)O,O=C(CCc1ccccc1)NCC(=O)NCC(=O)NCCc1ccccc1,0
478,CC(C)C[C@H](NC(=O)[C@@H]1CCCN1C(=O)[C@H](Cc1ccccc1)NC(=O)CNC(=O)[C@@H](C)NC(=O)[C@@H](N)Cc1ccc(O)cc1)C(=O)N[C@@H](Cc1c[nH]c2ccccc12)C(=O)NCc1cc(C(F)(F)F)cc(C(F)(F)F)c1,O=C(CCc1ccccc1)NCC(=O)NCC(=O)NC(Cc1ccccc1)C(=O)N1CCCC1C(=O)NCC(=O)NC(Cc1c[nH]c2ccccc12)C(=O)NCc1ccccc1,0
483,CC(C)C[C@H](NC(=O)[C@H](Cc1ccccc1)NC(=O)CNC(=O)[C@@H](C)NC(=O)[C@@H](N)Cc1ccc(O)cc1)C(=O)N[C@@H](CCCNC(=N)N)C(=O)N[C@@H](CCC(=O)NCCCCCC(=O)N(c1ccccc1)C1CCN(CCc2ccccc2)CC1)C(=O)N[C@@H](Cc1c(F)c(F)c(F)c(F)c1F)C(N)=O,O=C(CCC(NC(=O)CNC(=O)CNC(=O)C(Cc1ccccc1)NC(=O)CNC(=O)CNC(=O)CCc1ccccc1)C(=O)NCCc1ccccc1)NCCCCCC(=O)N(c1ccccc1)C1CCN(CCc2ccccc2)CC1,0
484,C[C@H]1C2Cc3ccc(C(=O)NCCCc4ccc5ccccc5c4)cc3[C@@]1(C)CCN2CC1CC1,O=C(NCCCc1ccc2ccccc2c1)c1ccc2c(c1)C1CCN(CC3CC3)C(C2)C1,0
485,C[C@H]1C2Cc3ccc(C(=O)NCCc4ccc(-c5cccnc5)cc4)cc3[C@@]1(C)CCN2CC1CC1,O=C(NCCc1ccc(-c2cccnc2)cc1)c1ccc2c(c1)C1CCN(CC3CC3)C(C2)C1,0
492,CC(C)CC(NC(=O)C(Cc1ccccc1)NC(=O)CNC(=O)CNC(=O)C(N)Cc1ccc(O)cc1)C(=O)O,O=C(CCc1ccccc1)NCC(=O)NCC(=O)NCCc1ccccc1,0
493,Oc1ccc2c3c1O[C@H]1[C@@H](O)C=C[C@H]4[C@@H](C2)NCC[C@@]341,C1=CC2C3Cc4cccc5c4C2(CCN3)C(C1)O5,0
497,CCN[C@H]1C[C@H]2C[C@@](c3cccc(O)c3)(C1)[C@H](C)CN2CCCc1ccccc1,c1ccc(CCCN2CCC3(c4ccccc4)CCCC2C3)cc1,0
498,CCOc1ccc(CN2Cc3ccccc3C2)cc1CNC(=O)[C@@H](N)Cc1c(C)cc(O)cc1C,O=C(CCc1ccccc1)NCc1cccc(CN2Cc3ccccc3C2)c1,0
501,CN1CC[C@]23c4c5ccc(O)c4O[C@H]2CCC[C@H]3[C@H]1C5,c1cc2c3c(c1)OC1CCCC4C(C2)NCCC314,0
519,CNc1nc2c(s1)C[C@H]1[C@H]3Cc4ccc(OC)cc4[C@@]1(CCN3CC1CC1)C2,c1ccc2c(c1)CC1C3Cc4scnc4CC23CCN1CC1CC1,0
521,NC(=O)[C@H](Cc1ccccc1)NC(=O)[C@H](Cc1c[nH]c2ccccc12)NC(=O)[C@@H]1CCCN1C(=O)[C@@H](N)Cc1ccc(O)cc1,O=C(NCCc1ccccc1)C(Cc1c[nH]c2ccccc12)NC(=O)C1CCCN1C(=O)CCc1ccccc1,0
539,CO[C@]12CC[C@@]3(C[C@@H]1[C@](C)(O)c1ccc(C)s1)[C@H]1Cc4ccc(O)c5c4[C@@]3(CCN1CC1CC1)[C@H]2O5,c1csc(CC2CC34CCC2C2Oc5cccc6c5C23CCN(CC2CC2)C4C6)c1,0
543,Cc1cc(O)cc(C)c1C[C@H](N)C(=O)N[C@H](CCCNC(=N)N)C(=O)N[C@H]1Cc2ccccc2CN(CCC(=O)N[C@@H](CCCNC(=N)N)C(=O)N[C@@H](CCCNC(=N)N)C(=O)N2CCC[C@H]2C(=O)N[C@@H](Cc2ccc(O)cc2)C(=O)N[C@H](C(=O)N[C@@H](CC(C)C)C(=O)O)C(C)(C)C)C1=O,O=C(CCN1Cc2ccccc2CC(NC(=O)CNC(=O)CCc2ccccc2)C1=O)NCC(=O)NCC(=O)N1CCCC1C(=O)NCCc1ccccc1,0
550,CO[C@]12CC[C@@]3(C[C@@H]1[C@](C)(O)c1cccc(Cl)c1)[C@H]1Cc4ccc(O)c5c4[C@@]3(CCN1CC1CC1)[C@H]2O5,c1ccc(CC2CC34CCC2C2Oc5cccc6c5C23CCN(CC2CC2)C4C6)cc1,0
551,CCOc1ccc(C(=O)N2Cc3ccccc3C2)cc1CNC(=O)[C@@H](N)Cc1c(C)cc(O)cc1C,O=C(CCc1ccccc1)NCc1cccc(C(=O)N2Cc3ccccc3C2)c1,0
555,CO[C@]12CC[C@@]3(C[C@@H]1[C@](C)(O)c1ccc(Cl)cc1)[C@H]1Cc4ccc(O)c5c4[C@@]3(CCN1CC1CC1)[C@H]2O5,c1ccc(CC2CC34CCC2C2Oc5cccc6c5C23CCN(CC2CC2)C4C6)cc1,0
564,C[C@H]1C2Cc3ccc(C(=O)NCCc4ccc(-c5ccccn5)cc4)cc3[C@@]1(C)CCN2CC1CC1,O=C(NCCc1ccc(-c2ccccn2)cc1)c1ccc2c(c1)C1CCN(CC3CC3)C(C2)C1,0
568,CN1CC[C@]23c4c5ccc(O)c4O[C@H]2[C@@H](O)CC[C@H]3[C@H]1C5,c1cc2c3c(c1)OC1CCCC4C(C2)NCCC314,0
572,CO[C@@]12CC[C@@]3(C[C@@H]1[C@](C)(O)C(C)(C)C)[C@H]1Cc4ccc(O)c5c4[C@@]3(CCN1CC1CC1)[C@H]2O5,c1cc2c3c(c1)OC1C4CCC5(CC4)C(C2)N(CC2CC2)CCC315,0
576,COc1ccc2c3c1O[C@H]1[C@@H](O)CC[C@H]4[C@@H](C2)N(C)CC[C@@]341,c1cc2c3c(c1)OC1CCCC4C(C2)NCCC314,0
580,CO[C@]12CC[C@@]3(C[C@@H]1[C@](C)(O)c1ccccc1C)[C@H]1Cc4ccc(O)c5c4[C@@]3(CCN1CC1CC1)[C@H]2O5,c1ccc(CC2CC34CCC2C2Oc5cccc6c5C23CCN(CC2CC2)C4C6)cc1,0
585,CCCN[C@H]1C[C@H]2C[C@@](c3cccc(O)c3)(C1)[C@H](C)CN2CCCc1ccccc1,c1ccc(CCCN2CCC3(c4ccccc4)CCCC2C3)cc1,0
591,Cc1cc(O)cc(C)c1C[C@H](N)C(=O)N[C@H](CCCNC(=N)N)C(=O)N[C@H]1Cc2ccccc2CN(CCC(=O)N[C@@H](CCCCN)C(=O)N[C@@H](CCCCN)C(=O)N2CCC[C@H]2C(=O)N[C@@H](Cc2ccc(O)cc2)C(=O)N[C@H](C(=O)N[C@@H](CC(C)C)C(=O)O)C(C)(C)C)C1=O,O=C(CCN1Cc2ccccc2CC(NC(=O)CNC(=O)CCc2ccccc2)C1=O)NCC(=O)NCC(=O)N1CCCC1C(=O)NCCc1ccccc1,0
592,Cc1cc(O)cc(C)c1C[C@H](NC(=O)[C@@H]1CCCN1C(=O)[C@H](CCCNC(=N)N)NC(=O)C[C@H](CCCNC(=N)N)NC(=O)CCN1Cc2ccccc2C[C@H](NC(=O)[C@@H](CCCNC(=N)N)NC(=O)[C@@H](N)Cc2c(C)cc(O)cc2C)C1=O)C(=O)N[C@H](C(=O)N[C@@H](CC(C)C)C(=O)O)C(C)(C)C,O=C(CCN1Cc2ccccc2CC(NC(=O)CNC(=O)CCc2ccccc2)C1=O)NCCC(=O)NCC(=O)N1CCCC1C(=O)NCCc1ccccc1,0
594,C[C@@H](NC(=O)[C@@H](N)Cc1ccc(O)cc1)C(=O)NCC(=O)N[C@@H](Cc1ccccc1)C(=O)NNC(=O)CCC(=O)N(c1ccccc1)C1CCN(CCc2ccccc2)CC1,O=C(CCc1ccccc1)NCC(=O)NCC(=O)NC(Cc1ccccc1)C(=O)NNC(=O)CCC(=O)N(c1ccccc1)C1CCN(CCc2ccccc2)CC1,0
596,CC(C)[C@H](NC(=O)[C@H](CC(=O)O)NC(=O)[C@H](Cc1ccccc1)NC(=O)[C@@H](C)NC(=O)[C@@H](N)Cc1ccc(O)cc1)C(=O)N[C@H](C(=O)NCC(N)=O)C(C)C,O=C(CCc1ccccc1)NCC(=O)NCCc1ccccc1,0
601,CC(C)C[C@H](NC(=O)[C@@H]1CCCN1C(=O)CNC(=O)[C@H](Cc1ccccc1)NC(=O)CNC(=O)[C@@H](C)NC(=O)[C@@H](N)Cc1ccc(O)cc1)C(=O)N[C@@H](Cc1c[nH]c2ccccc12)C(=O)OCc1cc(C(F)(F)F)cc(C(F)(F)F)c1,O=C(CCc1ccccc1)NCC(=O)NCC(=O)NC(Cc1ccccc1)C(=O)NCC(=O)N1CCCC1C(=O)NCC(=O)NC(Cc1c[nH]c2ccccc12)C(=O)OCc1ccccc1,0
604,CCC(=O)N(c1ccccc1)C1CCN(C(=O)[C@H](Cc2ccccc2)NC(=O)[C@H](Cc2ccccc2)NC(=O)CNC(=O)[C@@H](C)NC(=O)[C@@H](N)Cc2c(C)cc(O)cc2C)CC1,O=C(CCc1ccccc1)NCC(=O)NCC(=O)NC(Cc1ccccc1)C(=O)NC(Cc1ccccc1)C(=O)N1CCC(Nc2ccccc2)CC1,0
607,C[C@@H](NC(=O)[C@@H](N)Cc1ccc(O)cc1)C(=O)NCC(=O)N[C@@H](Cc1ccccc1)C(N)=O,O=C(CCc1ccccc1)NCC(=O)NCC(=O)NCCc1ccccc1,0
611,CC[C@H](C)[C@H](NC(=O)[C@H](C)NC(=O)[C@H](CC(N)=O)NC(=O)[C@H](CCCCN)NC(=O)[C@H](Cc1ccccc1)NC(=O)[C@H](CC(C)C)NC(=O)[C@@H](NC(=O)[C@@H](NC(=O)[C@H](CC(C)C)NC(=O)[C@@H]1CCCN1C(=O)[C@@H](NC(=O)[C@H](CCC(N)=O)NC(=O)[C@H](CO)NC(=O)[C@H](CCCCN)NC(=O)[C@H](CCC(=O)O)NC(=O)[C@H](CO)NC(=O)[C@@H](NC(=O)[C@H](CCSC)NC(=O)[C@H](Cc1ccccc1)NC(=O)CNC(=O)CNC(=O)[C@@H](N)Cc1ccc(O)cc1)[C@@H](C)O)[C@@H](C)O)C(C)C)[C@@H](C)O)C(=O)N[C@H](C(=O)N[C@@H](CCCCN)C(=O)N[C@@H](CC(N)=O)C(=O)N[C@@H](C)C(=O)N[C@@H](Cc1ccc(O)cc1)C(=O)N[C@@H](CCCCN)C(=O)N[C@@H](CCCCN)C(=O)NCC(=O)N[C@@H](CCC(=O)O)C(=O)O)[C@@H](C)CC,O=C(CCc1ccccc1)NCC(=O)NCC(=O)NC(Cc1ccccc1)C(=O)NCC(=O)NCC(=O)NCC(=O)NCC(=O)NCC(=O)NCC(=O)NCC(=O)NCC(=O)N1CCCC1C(=O)NCC(=O)NCC(=O)NCC(=O)NCC(=O)NC(Cc1ccccc1)C(=O)NCC(=O)NCC(=O)NCC(=O)NCC(=O)NCC(=O)NCC(=O)NCC(=O)NCC(=O)NCCc1ccccc1,0
613,C[C@@H]1CN(CCCc2ccccc2)[C@H]2C[C@H](NCC3CC3)C[C@]1(c1cccc(O)c1)C2,c1ccc(CCCN2CCC3(c4ccccc4)CC(NCC4CC4)CC2C3)cc1,0
628,Cc1cc(O)cc(C)c1C[C@H](N)C(=O)N[C@H](CCCNC(=N)N)C(=O)N[C@H]1Cc2ccccc2CN(CCC(=O)N[C@@H](CCCNC(=N)N)C(=O)N[C@@H](CCCNC(=N)N)C(=O)N2CCC[C@H]2C(=O)N[C@@H](Cc2cccc(O)c2)C(=O)N[C@H](C(=O)N[C@@H](CC(C)C)C(=O)O)C(C)(C)C)C1=O,O=C(CCN1Cc2ccccc2CC(NC(=O)CNC(=O)CCc2ccccc2)C1=O)NCC(=O)NCC(=O)N1CCCC1C(=O)NCCc1ccccc1,0
630,Cc1cc(O)cc(C)c1CC(N)C(=O)NC(C(=O)NC(C(=O)NC(Cc1ccccc1)C(N)=O)C(C)C)C(C)C,O=C(CCc1ccccc1)NCC(=O)NCC(=O)NCCc1ccccc1,0
636,COc1ccc(-c2ccc(CCNC(=O)c3ccc4c(c3)C3(C)CCN(CC5CC5)C(C4)C3C)cc2)cc1C,O=C(NCCc1ccc(-c2ccccc2)cc1)c1ccc2c(c1)C1CCN(CC3CC3)C(C2)C1,0
637,Cc1cc(O)cc(C)c1C[C@H](N)C(=O)N[C@H](C)C(=O)NCC(=O)N[C@@H](Cc1ccc(Cl)cc1)C(=O)N[C@H](CC(C)C)C(=O)N[C@@H](CCC(=O)NCCC(=O)N(c1ccccc1)C1CCN(CCc2ccccc2)CC1)C(=O)N[C@@H](CC(C)C)C(N)=O,O=C(CCCNC(=O)CNC(=O)C(Cc1ccccc1)NC(=O)CNC(=O)CNC(=O)CCc1ccccc1)NCCC(=O)N(c1ccccc1)C1CCN(CCc2ccccc2)CC1,0
648,CN1CC[C@]23c4c5ccc(OC(=O)c6cccnc6)c4O[C@H]2[C@@H](OC(=O)c2cccnc2)C=C[C@H]3[C@H]1C5,O=C(Oc1ccc2c3c1OC1C(OC(=O)c4cccnc4)C=CC4C(C2)NCCC341)c1cccnc1,0
654,CC(=O)Oc1ccc2c3c1O[C@H]1[C@@H](OC(C)=O)C=C[C@H]4[C@@H](C2)N(C)CC[C@@]341,C1=CC2C3Cc4cccc5c4C2(CCN3)C(C1)O5,0
656,CO[C@]12CC[C@@]3(C[C@@H]1[C@](C)(O)c1ccc(C)cc1)[C@H]1Cc4ccc(O)c5c4[C@@]3(CCN1CC1CC1)[C@H]2O5,c1ccc(CC2CC34CCC2C2Oc5cccc6c5C23CCN(CC2CC2)C4C6)cc1,0
668,CN1CC[C@]23c4c5ccc(NCc6cccc(O)c6)c4O[C@H]2[C@@H](O)C=C[C@H]3[C@H]1C5,C1=CC2C3Cc4ccc(NCc5ccccc5)c5c4C2(CCN3)C(C1)O5,0
671,CC(C)C[C@@H](NC(=O)[C@H](Cc1ccccc1)NC(=O)CNC(=O)[C@@H](C)NC(=O)[C@@H](N)Cc1ccc(O)cc1)C(=O)N[C@@H](CCCNC(=N)N)C(=O)N[C@@H](CCCCNC(=O)NCCC(=O)N(c1ccccc1)C1CCN(CCc2ccccc2)CC1)C(=O)O,O=C(CCc1ccccc1)NCC(=O)NCC(=O)NC(Cc1ccccc1)C(=O)NCC(=O)NCC(=O)NCCCCCNC(=O)NCCC(=O)N(c1ccccc1)C1CCN(CCc2ccccc2)CC1,0
672,CC[C@H](C)[C@H](NC(=O)[C@H](CCCN=C(N)N)NC(=O)[C@H](CCCN=C(N)N)NC(=O)[C@H](CC(C)C)NC(=O)[C@H](Cc1ccccc1)NC(=O)CNC(=O)CNC(=O)[C@@H](N)Cc1ccc(O)cc1)C(=O)N[C@@H](CCCN=C(N)N)C(=O)N1CCC[C@H]1C(=O)N[C@@H](CCCCN)C(=O)O,O=C(CCc1ccccc1)NCC(=O)NCC(=O)NC(Cc1ccccc1)C(=O)NCC(=O)NCC(=O)NCC(=O)NCC(=O)NCC(=O)N1CCCC1,0
675,CN1CC[C@]23c4c5ccc(O)c4O[C@H]2C(=O)CC[C@H]3[C@H]1C5,O=C1CCC2C3Cc4cccc5c4C2(CCN3)C1O5,0
680,Cc1cc(O)cc(C)c1C[C@H](N)C(=O)N[C@H](C)C(=O)NCC(=O)N[C@@H](Cc1ccc(Cl)cc1)C(=O)N[C@@H](CC(C)C)C(=O)N[C@@H](CCCNC(=N)N)C(=O)N[C@H](CCCNC(=N)N)C(=O)N[C@@H](CCC(N)=O)C(=O)N[C@@H](Cc1ccccc1)C(=O)N[C@@H](CCCCNC(=O)NCCC(=O)N(c1ccccc1)C1CCN(CCc2ccccc2)CC1)C(=O)O,O=C(CCc1ccccc1)NCC(=O)NCC(=O)NC(Cc1ccccc1)C(=O)NCC(=O)NCC(=O)NCC(=O)NCC(=O)NC(Cc1ccccc1)C(=O)NCCCCCNC(=O)NCCC(=O)N(c1ccccc1)C1CCN(CCc2ccccc2)CC1,0
681,COc1ccc2c(c1)[C@]13CCN(CC4CC4)[C@H](C2)[C@@H]1Cc1sc(N)nc1C3,c1ccc2c(c1)CC1C3Cc4scnc4CC23CCN1CC1CC1,0
684,C[C@H]1C2Cc3ccc(C(=O)NCCc4cccc(Br)c4)cc3[C@@]1(C)CCN2CC1CC1,O=C(NCCc1ccccc1)c1ccc2c(c1)C1CCN(CC3CC3)C(C2)C1,0
689,CC(C)[C@H](NC(=O)[C@H](CCC(=O)O)NC(=O)[C@H](Cc1ccccc1)NC(=O)[C@@H](C)NC(=O)[C@@H](N)Cc1ccc(O)cc1)C(=O)N[C@H](C(=O)NCC(N)=O)C(C)C,O=C(CCc1ccccc1)NCC(=O)NCCc1ccccc1,0
691,COc1ccc(-c2ccc(CCNC(=O)c3ccc4c(c3)[C@@]3(C)CCN(CC5CC5)C(C4)[C@@H]3C)cc2)cc1,O=C(NCCc1ccc(-c2ccccc2)cc1)c1ccc2c(c1)C1CCN(CC3CC3)C(C2)C1,0
699,CC[C@H](C)[C@H](NC(=O)[C@H](CCCN=C(N)N)NC(=O)[C@H](CCCN=C(N)N)NC(=O)[C@H](CC(C)C)NC(=O)[C@H](Cc1ccccc1)NC(=O)CNC(=O)CNC(=O)[C@@H](N)Cc1ccc(O)cc1)C(=O)O,O=C(CCc1ccccc1)NCC(=O)NCC(=O)NCCc1ccccc1,0
708,CCOc1ccc(CN2CCc3ccccc3C2)cc1CNC(=O)[C@@H](N)Cc1c(C)cc(O)cc1C,O=C(CCc1ccccc1)NCc1cccc(CN2CCc3ccccc3C2)c1,0
711,Oc1ccc2c(c1)[C@]13CCN(CC4CC4)[C@H](C2)[C@@H]1Cc1c([nH]c2ccccc12)C3,c1ccc2c(c1)CC1C3Cc4c([nH]c5ccccc45)CC23CCN1CC1CC1,0
714,C[C@H]1C2Cc3ccc(C(=O)NCCc4ccccc4-c4ccccc4)cc3[C@@]1(C)CCN2CC1CC1,O=C(NCCc1ccccc1-c1ccccc1)c1ccc2c(c1)C1CCN(CC3CC3)C(C2)C1,0
715,CN[C@]1(c2ccccc2)CC[C@]2(CC1)OCCc1c3cc(F)ccc3[nH]c12,c1ccc(C2CCC3(CC2)OCCc2c3[nH]c3ccccc23)cc1,0
718,CO[C@]12CC[C@@]3(C[C@@H]1[C@](C)(O)c1cc(C)cc(C)c1)[C@H]1Cc4ccc(O)c5c4[C@@]3(CCN1CC1CC1)[C@H]2O5,c1ccc(CC2CC34CCC2C2Oc5cccc6c5C23CCN(CC2CC2)C4C6)cc1,0
720,CN1CC[C@]23c4c5ccc(C(N)=O)c4O[C@H]2C(=O)CC[C@H]3[C@H]1C5,O=C1CCC2C3Cc4cccc5c4C2(CCN3)C1O5,0
721,CC(C)C[C@H](NC(=O)[C@@H]1CCCN1C(=O)[C@H](CC(C)C)NC(=O)[C@H](Cc1ccccc1)NC(=O)CNC(=O)[C@@H](C)NC(=O)[C@@H](N)Cc1ccc(O)cc1)C(=O)N[C@@H](Cc1c[nH]c2ccccc12)C(=O)OCc1cc(C(F)(F)F)cc(C(F)(F)F)c1,O=C(CCc1ccccc1)NCC(=O)NCC(=O)NC(Cc1ccccc1)C(=O)NCC(=O)N1CCCC1C(=O)NCC(=O)NC(Cc1c[nH]c2ccccc12)C(=O)OCc1ccccc1,0
724,COc1ccc2c(c1)[C@]13CCN(CC4CC4)[C@H](C2)[C@@H]1Cc1c([nH]c2ccccc12)C3,c1ccc2c(c1)CC1C3Cc4c([nH]c5ccccc45)CC23CCN1CC1CC1,0
731,Nc1nc2c(s1)C[C@H]1[C@H]3Cc4ccc(O)cc4[C@@]1(CCN3CC1CC1)C2,c1ccc2c(c1)CC1C3Cc4scnc4CC23CCN1CC1CC1,0
734,CC(C)C[C@@H](NC(=O)[C@H](Cc1ccccc1)NC(=O)CNC(=O)[C@H](C)NC(=O)[C@@H](N)Cc1ccc(O)cc1)C(=O)N[C@@H](CCCNC(=N)N)C(=O)N[C@@H](Cc1c[nH]c2ccccc12)C(=O)N[C@@H](CCCCNC(=O)NCCC(=O)N(c1ccccc1)C1CCN(CCc2ccccc2)CC1)C(=O)O,O=C(CCc1ccccc1)NCC(=O)NCC(=O)NC(Cc1ccccc1)C(=O)NCC(=O)NCC(=O)NC(Cc1c[nH]c2ccccc12)C(=O)NCCCCCNC(=O)NCCC(=O)N(c1ccccc1)C1CCN(CCc2ccccc2)CC1,0
738,CC(C)C[C@H](NC(=O)[C@H](Cc1ccccc1)NC(=O)CNC(=O)CNC(=O)[C@@H](N)Cc1ccc(O)cc1)C(=O)N[C@@H](CCCN=C(N)N)C(=O)N[C@@H](CCCN=C(N)N)C(=O)N[C@@H](CCC(N)=O)C(=O)N[C@@H](Cc1ccccc1)C(=O)N[C@@H](CCCCN)C(=O)N[C@H](C(=O)N[C@H](C(=O)N[C@H](C(=O)O)[C@@H](C)O)C(C)C)C(C)C,O=C(CCc1ccccc1)NCC(=O)NCC(=O)NC(Cc1ccccc1)C(=O)NCC(=O)NCC(=O)NCC(=O)NCC(=O)NCCc1ccccc1,0
743,CC(C)[C@H](NC(=O)[C@H](CCC(=O)NCC(=O)N(c1ccccc1)C1CCN(CCc2ccccc2)CC1)NC(=O)[C@H](Cc1ccccc1)NC(=O)[C@@H](C)NC(=O)[C@@H](N)Cc1ccc(O)cc1)C(=O)N[C@H](C(=O)NCC(N)=O)C(C)C,O=C(CCc1ccccc1)NCC(=O)NC(Cc1ccccc1)C(=O)NCCCC(=O)NCC(=O)N(c1ccccc1)C1CCN(CCc2ccccc2)CC1,0
747,C[C@H]1C2Cc3ccc(C(=O)NCCc4ccc(-c5ccccc5)nc4)cc3[C@@]1(C)CCN2CC1CC1,O=C(NCCc1ccc(-c2ccccc2)nc1)c1ccc2c(c1)C1CCN(CC3CC3)C(C2)C1,0
749,Cc1cc(O)cc(C)c1C[C@H](NC(=O)[C@@H]1CCCN1C(=O)[C@H](CCCCN)NC(=O)C[C@H](CCCCN)NC(=O)CCN1Cc2ccccc2C[C@H](NC(=O)[C@@H](CCCNC(=N)N)NC(=O)[C@@H](N)Cc2c(C)cc(O)cc2C)C1=O)C(=O)N[C@H](C(=O)N[C@@H](CC(C)C)C(=O)O)C(C)(C)C,O=C(CCN1Cc2ccccc2CC(NC(=O)CNC(=O)CCc2ccccc2)C1=O)NCCC(=O)NCC(=O)N1CCCC1C(=O)NCCc1ccccc1,0
756,C[C@@H](NC(=O)[C@@H](N)Cc1ccc(O)cc1)C(=O)NCC(=O)N[C@@H](Cc1ccc(Cl)cc1)C(=O)N[C@@H](CCC(=O)NCCCCCC(=O)N(c1ccccc1)C1CCN(CCc2ccccc2)CC1)C(=O)N[C@@H](Cc1c(F)c(F)c(F)c(F)c1F)C(N)=O,O=C(CCC(NC(=O)C(Cc1ccccc1)NC(=O)CNC(=O)CNC(=O)CCc1ccccc1)C(=O)NCCc1ccccc1)NCCCCCC(=O)N(c1ccccc1)C1CCN(CCc2ccccc2)CC1,0
758,CC(C)Oc1ccc(-c2ccc(CCNC(=O)c3ccc4c(c3)C3(C)CCN(CC5CC5)C(C4)C3C)cc2)cc1,O=C(NCCc1ccc(-c2ccccc2)cc1)c1ccc2c(c1)C1CCN(CC3CC3)C(C2)C1,0
761,Cc1cc(O)cc(C)c1C[C@H](N)C(=O)N[C@H](CCCNC(=N)N)C(=O)N[C@H]1Cc2ccccc2CN(CCC(=O)N[C@@H](CCCCN)C(=O)N[C@@H](CCCCN)C(=O)N2CCC[C@H]2C(=O)N[C@@H](Cc2cccc(O)c2)C(=O)N[C@H](C(=O)N[C@@H](CC(C)C)C(=O)O)C(C)(C)C)C1=O,O=C(CCN1Cc2ccccc2CC(NC(=O)CNC(=O)CCc2ccccc2)C1=O)NCC(=O)NCC(=O)N1CCCC1C(=O)NCCc1ccccc1,0
764,CO[C@@]12CCC3(C[C@H]1[C@@](C)(O)C(C)(C)C)[C@H]1Cc4ccc(O)c5c4C3(CCN1C)[C@H]2O5,c1cc2c3c(c1)OC1C4CCC5(CC4)C(C2)NCCC315,0
765,COc1ccc2c3c1O[C@H]1C(=O)CC[C@H]4[C@@H](C2)N(C)CC[C@]314,O=C1CCC2C3Cc4cccc5c4C2(CCN3)C1O5,0
767,Nc1nc2c(s1)C[C@H]1[C@H]3Cc4ccc(O)cc4[C@@]1(CCN3CC1CCC1)C2,c1ccc2c(c1)CC1C3Cc4scnc4CC23CCN1CC1CCC1,0
771,CN(C)[C@]1(c2ccccc2)CC[C@]2(CC1)OCCc1c3cc(O)ccc3[nH]c12,c1ccc(C2CCC3(CC2)OCCc2c3[nH]c3ccccc23)cc1,0
774,CN1CC[C@]23c4c5ccc(O)c4O[C@H]2[C@@H](O)C=C[C@H]3[C@H]1C5,C1=CC2C3Cc4cccc5c4C2(CCN3)C(C1)O5,0
775,CC(C)C[C@H](NC(=O)[C@H](Cc1ccccc1)NC(=O)CNC(=O)CNC(=O)[C@@H](N)Cc1ccc(O)cc1)C(=O)NCC(=O)N(c1ccccc1)C1CCN(CCc2ccccc2)CC1,O=C(CCc1ccccc1)NCC(=O)NCC(=O)NC(Cc1ccccc1)C(=O)NCC(=O)NCC(=O)N(c1ccccc1)C1CCN(CCc2ccccc2)CC1,0
777,CCOc1ccc(CN2CCOCC2)cc1CNC(=O)[C@@H](N)Cc1c(C)cc(O)cc1C,O=C(CCc1ccccc1)NCc1cccc(CN2CCOCC2)c1,0
778,CCC[C@@](C)(O)[C@H]1C[C@@]23CC[C@]1(OC)[C@@H]1Oc4c(O)ccc5c4[C@@]12CCN(C)[C@@H]3C5,c1cc2c3c(c1)OC1C4CCC5(CC4)C(C2)NCCC315,0
780,COc1ccc2c3c1O[C@H]1[C@@H](O)C=C[C@H]4[C@@H](C2)N(C)CC[C@@]341,C1=CC2C3Cc4cccc5c4C2(CCN3)C(C1)O5,0
783,CN1CC[C@]23Cc4nc(N)sc4C[C@H]2[C@H]1Cc1ccc(O)cc13,c1ccc2c(c1)CC1NCCC23Cc2ncsc2CC13,0
784,Cc1cc(O)cc(C)c1C[C@H](NC(=O)[C@@H]1CCCN1C(=O)[C@H](CCCNC(=N)N)NC(=O)[C@H](CCCNC(=N)N)NC(=O)CCN1Cc2ccccc2C[C@H](NC(=O)[C@@H](CCCNC(=N)N)NC(=O)[C@@H](N)Cc2c(C)cc(O)cc2C)C1=O)C(=O)N[C@H](C(=O)N[C@@H](CC(C)C)C(=O)O)C(C)(C)C,O=C(CCN1Cc2ccccc2CC(NC(=O)CNC(=O)CCc2ccccc2)C1=O)NCC(=O)NCC(=O)N1CCCC1C(=O)NCCc1ccccc1,0
786,CC[C@H](C)[C@H](NC(=O)[C@H](CCCN=C(N)N)NC(=O)[C@H](CCCN=C(N)N)NC(=O)[C@H](CC(C)C)NC(=O)[C@H](Cc1ccccc1)NC(=O)CNC(=O)CNC(=O)[C@@H](N)Cc1ccc(O)cc1)C(=O)N[C@@H](CCCN=C(N)N)C(=O)N1CCC[C@H]1C(=O)N[C@@H](CCCCN)C(=O)N[C@@H](CC(C)C)C(=O)N[C@@H](CCCCN)C(=O)O,O=C(CCc1ccccc1)NCC(=O)NCC(=O)NC(Cc1ccccc1)C(=O)NCC(=O)NCC(=O)NCC(=O)NCC(=O)NCC(=O)N1CCCC1,0
789,C[C@H]1C2Cc3ccc(C(=O)NCCc4ccc(-c5ccc(Cl)cc5)cc4)cc3[C@@]1(C)CCN2CC1CC1,O=C(NCCc1ccc(-c2ccccc2)cc1)c1ccc2c(c1)C1CCN(CC3CC3)C(C2)C1,0
790,CO[C@]12CC[C@@]3(C[C@@H]1[C@](C)(O)c1ccc(C(C)C)cc1)[C@H]1Cc4ccc(O)c5c4[C@@]3(CCN1CC1CC1)[C@H]2O5,c1ccc(CC2CC34CCC2C2Oc5cccc6c5C23CCN(CC2CC2)C4C6)cc1,0
792,CCC(=O)N(c1ccccc1)C1CCN(C(=O)CCC(=O)NNC(=O)[C@H](Cc2ccccc2)NC(=O)CNC(=O)[C@@H](C)NC(=O)[C@@H](N)Cc2ccc(O)cc2)CC1,O=C(CCc1ccccc1)NCC(=O)NCC(=O)NC(Cc1ccccc1)C(=O)NNC(=O)CCC(=O)N1CCC(Nc2ccccc2)CC1,0
797,CCOc1ccc(CN2CCCC2)cc1CNC(=O)[C@@H](N)Cc1c(C)cc(O)cc1C,O=C(CCc1ccccc1)NCc1cccc(CN2CCCC2)c1,0
799,C[C@@H](NC(=O)[C@@H](N)Cc1ccc(O)cc1)C(=O)NCC(=O)N[C@@H](Cc1ccccc1)C(=O)NNC(=O)CCC(=O)NC1CCN(CCc2ccccc2)CC1,O=C(CCc1ccccc1)NCC(=O)NCC(=O)NC(Cc1ccccc1)C(=O)NNC(=O)CCC(=O)NC1CCN(CCc2ccccc2)CC1,0
806,CC1C2Cc3ccc(C(=O)NCCc4ccc(-c5ccccc5O)cc4)cc3C1(C)CCN2CC1CC1,O=C(NCCc1ccc(-c2ccccc2)cc1)c1ccc2c(c1)C1CCN(CC3CC3)C(C2)C1,0
814,CO[C@]12CC[C@@]3(C[C@@H]1[C@](C)(O)c1ccc(F)cc1)[C@H]1Cc4ccc(O)c5c4[C@@]3(CCN1CC1CC1)[C@H]2O5,c1ccc(CC2CC34CCC2C2Oc5cccc6c5C23CCN(CC2CC2)C4C6)cc1,0
820,C[C@@H](NC(=O)[C@@H](N)Cc1ccc(O)cc1)C(=O)NCC(=O)N[C@@H](Cc1ccccc1)C(=O)NCC(=O)NCC(=O)N(c1ccccc1)C1CCN(CCc2ccccc2)CC1,O=C(CCc1ccccc1)NCC(=O)NCC(=O)NC(Cc1ccccc1)C(=O)NCC(=O)NCC(=O)N(c1ccccc1)C1CCN(CCc2ccccc2)CC1,0
822,CC(C)C[C@@H](NC(=O)[C@H](Cc1ccccc1)NC(=O)CNC(=O)[C@@H](C)NC(=O)[C@@H](N)Cc1ccc(O)cc1)C(=O)O,O=C(CCc1ccccc1)NCC(=O)NCC(=O)NCCc1ccccc1,0
824,CC(C)C[C@H](NC(=O)[C@@H]1CCCN1C(=O)[C@H](Cc1ccccc1)NC(=O)CNC(=O)[C@@H](C)NC(=O)[C@@H](N)Cc1ccc(O)cc1)C(=O)N[C@@H](Cc1c[nH]c2ccccc12)C(=O)NCc1ccccc1,O=C(CCc1ccccc1)NCC(=O)NCC(=O)NC(Cc1ccccc1)C(=O)N1CCCC1C(=O)NCC(=O)NC(Cc1c[nH]c2ccccc12)C(=O)NCc1ccccc1,0
826,CCOc1ccc2c3c1O[C@H]1[C@@H](O)C=C[C@H]4[C@@H](C2)N(C)CC[C@@]341,C1=CC2C3Cc4cccc5c4C2(CCN3)C(C1)O5,0
828,COc1ccccc1CNc1ccc2c3c1O[C@H]1[C@@H](O)C=C[C@H]4[C@@H](C2)N(C)CC[C@@]341,C1=CC2C3Cc4ccc(NCc5ccccc5)c5c4C2(CCN3)C(C1)O5,0
830,CC(C)C[C@H](NC(=O)[C@@H]1CCCN1C(=O)[C@H](Cc1ccccc1)NC(=O)CNC(=O)[C@@H](C)NC(=O)[C@@H](N)Cc1ccc(O)cc1)C(=O)N[C@@H](Cc1c[nH]c2ccccc12)C(=O)N(C)Cc1cc(C(F)(F)F)cc(C(F)(F)F)c1,O=C(CCc1ccccc1)NCC(=O)NCC(=O)NC(Cc1ccccc1)C(=O)N1CCCC1C(=O)NCC(=O)NC(Cc1c[nH]c2ccccc12)C(=O)NCc1ccccc1,0
833,CCCC[C@@H](C(=O)N1CCC[C@H]1C(=O)N[C@@H](CC(C)C)C(=O)N[C@@H](Cc1c[nH]c2ccccc12)C(=O)OCc1cc(C(F)(F)F)cc(C(F)(F)F)c1)N(C)C(=O)[C@H](Cc1ccccc1)NC(=O)CNC(=O)[C@@H](C)NC(=O)[C@@H](N)Cc1ccc(O)cc1,O=C(CCc1ccccc1)NCC(=O)NCC(=O)NC(Cc1ccccc1)C(=O)NCC(=O)N1CCCC1C(=O)NCC(=O)NC(Cc1c[nH]c2ccccc12)C(=O)OCc1ccccc1,0
834,CC(C)C[C@H](NC(=O)[C@H](Cc1ccccc1)NC(=O)CNC(=O)[C@@H](C)NC(=O)[C@@H](N)Cc1ccc(O)cc1)C(=O)N[C@@H](CCCNC(=N)N)C(=O)N[C@@H](CCCNC(=N)N)C(=O)N[C@H](Cc1ccccc1)C(=O)N[C@@H](CCCNC(=N)N)C(=O)N[C@@H](Cc1c[nH]c2ccccc12)C(=O)N[C@@H](CCCCNC(=O)NCCC(=O)N(c1ccccc1)C1CCN(CCc2ccccc2)CC1)C(=O)N[C@H](C(N)=O)C(C)C,O=C(CCc1ccccc1)NCC(=O)NCC(=O)NC(Cc1ccccc1)C(=O)NCC(=O)NCC(=O)NCC(=O)NC(Cc1ccccc1)C(=O)NCC(=O)NC(Cc1c[nH]c2ccccc12)C(=O)NCCCCCNC(=O)NCCC(=O)N(c1ccccc1)C1CCN(CCc2ccccc2)CC1,0
837,CO[C@]12CC[C@@]3(C[C@@H]1[C@](C)(O)c1cccc(F)c1)[C@H]1Cc4ccc(O)c5c4[C@@]3(CCN1CC1CC1)[C@H]2O5,c1ccc(CC2CC34CCC2C2Oc5cccc6c5C23CCN(CC2CC2)C4C6)cc1,0
841,CN[C@H]1C[C@H]2C[C@@](c3cccc(O)c3)(C1)[C@H](C)CN2CCCc1ccccc1,c1ccc(CCCN2CCC3(c4ccccc4)CCCC2C3)cc1,0
843,CC(=O)Oc1ccccc1C(=O)OC1=CC[C@H]2[C@H]3Cc4ccc(OC(=O)c5ccccc5OC(C)=O)c5c4[C@@]2(CCN3C)[C@H]1O5,O=C(OC1=CCC2C3Cc4ccc(OC(=O)c5ccccc5)c5c4C2(CCN3)C1O5)c1ccccc1,0
851,C[C@@H]1CN(CCCc2ccccc2)[C@H]2C[C@H](N(C)C)C[C@]1(c1cccc(O)c1)C2,c1ccc(CCCN2CCC3(c4ccccc4)CCCC2C3)cc1,0
858,CC(C)[C@H](NC(=O)[C@@H](NC(=O)C(C)(C)NC(=O)[C@H](Cc1ccccc1)NC(=O)[C@@H](C)NC(=O)[C@@H](N)Cc1ccc(O)cc1)C(C)C)C(=O)N[C@@H](CCC(=O)NCC(=O)N(c1ccccc1)C1CCN(CCc2ccccc2)CC1)C(N)=O,O=C(CCc1ccccc1)NCC(=O)NC(Cc1ccccc1)C(=O)NCC(=O)NCC(=O)NCC(=O)NCCCC(=O)NCC(=O)N(c1ccccc1)C1CCN(CCc2ccccc2)CC1,0
860,CCC(=O)N(c1ccccc1)C1CCN(C(=O)[C@H](Cc2ccccc2)NC(=O)[C@H](Cc2ccccc2)NC(=O)CNC(=O)[C@@H](C)NC(=O)[C@@H](N)Cc2ccc(O)cc2)CC1,O=C(CCc1ccccc1)NCC(=O)NCC(=O)NC(Cc1ccccc1)C(=O)NC(Cc1ccccc1)C(=O)N1CCC(Nc2ccccc2)CC1,0
866,CCN(C)[C@H]1C[C@H]2C[C@@](c3cccc(O)c3)(C1)[C@H](C)CN2CCCc1ccccc1,c1ccc(CCCN2CCC3(c4ccccc4)CCCC2C3)cc1,0
870,CC(C)C[C@H](NC(=O)[C@@H]1CCCN1C(=O)[C@H](Cc1ccccc1)NC(=O)CNC(=O)[C@@H](C)NC(=O)[C@@H](N)Cc1ccc(O)cc1)C(=O)N[C@@H](Cc1c[nH]c2ccccc12)C(=O)OCc1cc(C(F)(F)F)cc(C(F)(F)F)c1,O=C(CCc1ccccc1)NCC(=O)NCC(=O)NC(Cc1ccccc1)C(=O)N1CCCC1C(=O)NCC(=O)NC(Cc1c[nH]c2ccccc12)C(=O)OCc1ccccc1,0
871,COc1ccc2c(c1)[C@]13CCN(CC4CC4)[C@H](C2)[C@@H]1Cc1sc(NC(C)=O)nc1C3,c1ccc2c(c1)CC1C3Cc4scnc4CC23CCN1CC1CC1,0
879,CC1C2Cc3ccc(C(=O)NCCc4ccc(-c5ccc6c(c5)OCO6)cc4)cc3C1(C)CCN2CC1CC1,O=C(NCCc1ccc(-c2ccc3c(c2)OCO3)cc1)c1ccc2c(c1)C1CCN(CC3CC3)C(C2)C1,0
886,CC[C@](O)([C@H]1C[C@@]23CC[C@]1(OC)[C@@H]1Oc4c(O)ccc5c4[C@@]12CCN(CC1CC1)[C@@H]3C5)C(C)(C)C,c1cc2c3c(c1)OC1C4CCC5(CC4)C(C2)N(CC2CC2)CCC315,0
890,C[C@H]1C2Cc3ccc(C(=O)NCCc4ccc(-c5ccccc5)cn4)cc3[C@@]1(C)CCN2CC1CC1,O=C(NCCc1ccc(-c2ccccc2)cn1)c1ccc2c(c1)C1CCN(CC3CC3)C(C2)C1,0
892,CCC(=O)N(c1ccccc1)C1CCN(C(=O)[C@H](Cc2ccccc2)NC(=O)CNC(=O)[C@@H](C)NC(=O)[C@@H](N)Cc2c(C)cc(O)cc2C)CC1,O=C(CCc1ccccc1)NCC(=O)NCC(=O)NC(Cc1ccccc1)C(=O)N1CCC(Nc2ccccc2)CC1,0
893,COc1ccc2c3c1O[C@H]1[C@@H](O)C=C[C@H]4[C@@H](C2)NCC[C@@]341,C1=CC2C3Cc4cccc5c4C2(CCN3)C(C1)O5,0
901,C[C@H]1[C@H]2Cc3ccc(C(=O)NCCc4ccc(-c5ccc(O)cc5)cc4)cc3[C@]1(C)CCN2CC1CC1,O=C(NCCc1ccc(-c2ccccc2)cc1)c1ccc2c(c1)C1CCN(CC3CC3)C(C2)C1,0
911,CN(C)[C@]1(c2ccccc2)CC[C@]2(CC1)OCCc1c3ccccc3[nH]c12,c1ccc(C2CCC3(CC2)OCCc2c3[nH]c3ccccc23)cc1,0
915,CCOc1ccc(CN2CC3CC3C2)cc1CNC(=O)[C@@H](N)Cc1c(C)cc(O)cc1C,O=C(CCc1ccccc1)NCc1cccc(CN2CC3CC3C2)c1,0
916,CSCC[C@H](NC(=O)[C@H](Cc1ccccc1)NC(=O)CNC(=O)[C@@H](C)NC(=O)[C@@H](N)Cc1ccc(O)cc1)C(=O)N1CCC[C@H]1C(=O)N[C@@H](CC(C)C)C(=O)N[C@@H](Cc1c[nH]c2ccccc12)C(=O)OCc1cc(C(F)(F)F)cc(C(F)(F)F)c1,O=C(CCc1ccccc1)NCC(=O)NCC(=O)NC(Cc1ccccc1)C(=O)NCC(=O)N1CCCC1C(=O)NCC(=O)NC(Cc1c[nH]c2ccccc12)C(=O)OCc1ccccc1,0
924,C[C@@H](NC(=O)[C@@H](N)Cc1ccc(O)cc1)C(=O)NCC(=O)N[C@@H](Cc1ccccc1)C(=O)NNC(=O)[C@H](Cc1ccccc1)NC(=O)CNC(=O)[C@@H](C)NC(=O)[C@@H](N)Cc1ccc(O)cc1,O=C(CCc1ccccc1)NCC(=O)NCC(=O)NC(Cc1ccccc1)C(=O)NNC(=O)C(Cc1ccccc1)NC(=O)CNC(=O)CNC(=O)CCc1ccccc1,0
927,C[C@H]1C2Cc3ccc(C(=O)NCCc4ccc(-c5ccncc5)cc4)cc3[C@@]1(C)CCN2CC1CC1,O=C(NCCc1ccc(-c2ccncc2)cc1)c1ccc2c(c1)C1CCN(CC3CC3)C(C2)C1,0
929,COc1ccc(-c2ccc(CCNC(=O)c3ccc4c(c3)C3(C)CCN(CC5CC5)C(C4)C3C)cc2)cc1OC,O=C(NCCc1ccc(-c2ccccc2)cc1)c1ccc2c(c1)C1CCN(CC3CC3)C(C2)C1,0
937,Cc1cc(O)cc(C)c1C[C@H](N)C(=O)N[C@H](CCCNC(=N)N)C(=O)N[C@H]1Cc2ccccc2CN(CCC(N)=O)C1=O,O=C(CCc1ccccc1)NCC(=O)NC1Cc2ccccc2CNC1=O,0
938,CCC(C)(C)[C@@](C)(O)[C@H]1C[C@@]23CC[C@]1(OC)[C@@H]1Oc4c(O)ccc5c4[C@@]12CCN(CC1CC1)[C@@H]3C5,c1cc2c3c(c1)OC1C4CCC5(CC4)C(C2)N(CC2CC2)CCC315,0
940,CCOc1ccc(CN(C)Cc2ccccc2)cc1CNC(=O)[C@@H](N)Cc1c(C)cc(O)cc1C,O=C(CCc1ccccc1)NCc1cccc(CNCc2ccccc2)c1,0
942,CC(=O)Nc1nc2c(s1)C[C@H]1[C@H]3Cc4ccc(O)cc4[C@@]1(CCN3CC1CC1)C2,c1ccc2c(c1)CC1C3Cc4scnc4CC23CCN1CC1CC1,0
945,C[C@@H]1CN(CCCc2ccccc2)[C@H]2C[C@H](N(C)CC3CC3)C[C@]1(c1cccc(O)c1)C2,c1ccc(CCCN2CCC3(c4ccccc4)CC(NCC4CC4)CC2C3)cc1,0
952,CC[C@@](O)(c1ccccc1)[C@H]1C[C@@]23CC[C@]1(OC)[C@@H]1Oc4c(O)ccc5c4[C@@]12CCN(CC1CC1)[C@@H]3C5,c1ccc(CC2CC34CCC2C2Oc5cccc6c5C23CCN(CC2CC2)C4C6)cc1,0
956,C[C@@H](NC(=O)[C@@H](N)Cc1ccc(O)cc1)C(=O)NCC(=O)N[C@@H](Cc1ccccc1)C(=O)NC1CCN(CCc2ccccc2)CC1,O=C(CCc1ccccc1)NCC(=O)NCC(=O)NC(Cc1ccccc1)C(=O)NC1CCN(CCc2ccccc2)CC1,0
961,Cc1cc(O)cc(C)c1C[C@H](NC(=O)[C@@H]1CCCN1C(=O)[C@H](CCCCN)NC(=O)[C@H](CCCCN)NC(=O)CCN1Cc2ccccc2C[C@H](NC(=O)[C@@H](CCCNC(=N)N)NC(=O)[C@@H](N)Cc2c(C)cc(O)cc2C)C1=O)C(=O)N[C@H](C(=O)N[C@@H](CC(C)C)C(=O)O)C(C)(C)C,O=C(CCN1Cc2ccccc2CC(NC(=O)CNC(=O)CCc2ccccc2)C1=O)NCC(=O)NCC(=O)N1CCCC1C(=O)NCCc1ccccc1,0
964,CC(C)C[C@H](NC(=O)[C@@H]1CCCN1C(=O)[C@H](CC[S+](C)[O-])NC(=O)[C@H](Cc1ccccc1)NC(=O)CNC(=O)[C@@H](C)NC(=O)[C@@H](N)Cc1ccc(O)cc1)C(=O)N[C@@H](Cc1c[nH]c2ccccc12)C(=O)OCc1cc(C(F)(F)F)cc(C(F)(F)F)c1,O=C(CCc1ccccc1)NCC(=O)NCC(=O)NC(Cc1ccccc1)C(=O)NCC(=O)N1CCCC1C(=O)NCC(=O)NC(Cc1c[nH]c2ccccc12)C(=O)OCc1ccccc1,0
968,C[C@H]1C2Cc3ccc(C(=O)NCCc4cccc(-c5ccccc5)c4)cc3[C@@]1(C)CCN2CC1CC1,O=C(NCCc1cccc(-c2ccccc2)c1)c1ccc2c(c1)C1CCN(CC3CC3)C(C2)C1,0
977,CN(C)[C@]1(c2ccccc2)CC[C@]2(CC1)NCCc1c3ccccc3[nH]c12,c1ccc(C2CCC3(CC2)NCCc2c3[nH]c3ccccc23)cc1,0
979,COc1cccc(-c2ccc(CCNC(=O)c3ccc4c(c3)C3(C)CCN(CC5CC5)C(C4)C3C)cc2)c1,O=C(NCCc1ccc(-c2ccccc2)cc1)c1ccc2c(c1)C1CCN(CC3CC3)C(C2)C1,0
12,CCC12CCN(CC3(O)CC3)C(Cc3ccc(O)cc31)C2(C)C,c1ccc2c(c1)CC1CC2CCN1CC1CC1,1
13,CC[C@]12CCN(CC3(O)CC3)[C@H](Cc3ccc(O)cc31)C2(C)C,c1ccc2c(c1)CC1CC2CCN1CC1CC1,1
15,O=C(O[C@@]12CCC(=O)[C@@H]3Oc4c(O)ccc5c4[C@@]31CCN(CC1CC1)[C@@H]2C5)c1ccc2ccccc2c1,O=C(OC12CCC(=O)C3Oc4cccc5c4C31CCN(CC1CC1)C2C5)c1ccc2ccccc2c1,1
19,O=C(O[C@@]12CCC(=O)[C@@H]3Oc4c(O)ccc5c4[C@@]31CCN(CC1CC1)[C@@H]2C5)c1ccc2ccccc2n1,O=C(OC12CCC(=O)C3Oc4cccc5c4C31CCN(CC1CC1)C2C5)c1ccc2ccccc2n1,1
20,O=C(O[C@@]12CCC(=O)[C@@H]3Oc4c(O)ccc5c4[C@@]31CCN(CC1CC1)[C@@H]2C5)c1cccnc1,O=C(OC12CCC(=O)C3Oc4cccc5c4C31CCN(CC1CC1)C2C5)c1cccnc1,1
24,O=C(O[C@@]12CCC(=O)[C@@H]3Oc4c(O)ccc5c4[C@@]31CCN(CC1CC1)[C@@H]2C5)c1ccncc1,O=C(OC12CCC(=O)C3Oc4cccc5c4C31CCN(CC1CC1)C2C5)c1ccncc1,1
25,O=C(O[C@@]12CCC(=O)[C@@H]3Oc4c(O)ccc5c4[C@@]31CCN(CC1CC1)[C@@H]2C5)c1ccccc1,O=C(OC12CCC(=O)C3Oc4cccc5c4C31CCN(CC1CC1)C2C5)c1ccccc1,1
27,O=C(O[C@@]12CCC(=O)[C@@H]3Oc4c(O)ccc5c4[C@@]31CCN(CC1CC1)[C@@H]2C5)c1cc2ccccc2cn1,O=C(OC12CCC(=O)C3Oc4cccc5c4C31CCN(CC1CC1)C2C5)c1cc2ccccc2cn1,1
35,O=C(N[C@@]12CCC(=O)[C@@H]3Oc4c(O)ccc5c4[C@@]31CCN(CC1CC1)[C@@H]2C5)c1ccccc1,O=C(NC12CCC(=O)C3Oc4cccc5c4C31CCN(CC1CC1)C2C5)c1ccccc1,1
36,CC1(C)CN(c2nc3ccccc3n2C2CCN(C3(CO)CCCCCCC3)CC2)CCN1,c1ccc2c(c1)nc(N1CCNCC1)n2C1CCN(C2CCCCCCC2)CC1,1
37,CC[C@]1(c2cccc(NS(C)(=O)=O)c2)[C@@H]2CN(CCCC3(O)CCCCC3)C[C@@H]21,c1ccc(C2C3CN(CCCC4CCCCC4)CC32)cc1,1
40,COc1ccc2c3c1O[C@H]1[C@]4(OC)CC[C@@]5(C[C@@H]4CNC/C=C/c4ccc(Cl)cc4)[C@@H](C2)N(C)CC[C@]315,C(=Cc1ccccc1)CNCC1CC23CCC1C1Oc4cccc5c4C12CCNC3C5,1
41,O=C(/C=C/c1ccc(Cl)cc1)O[C@@]12CCC(=O)[C@@H]3Oc4c(O)ccc5c4[C@@]31CCN(CC1CC1)[C@@H]2C5,O=C(C=Cc1ccccc1)OC12CCC(=O)C3Oc4cccc5c4C31CCN(CC1CC1)C2C5,1
43,Cc1ccc(/C=C/C(=O)O[C@@]23CCC(=O)[C@@H]4Oc5c(O)ccc6c5[C@@]42CCN(CC2CC2)[C@@H]3C6)cc1,O=C(C=Cc1ccccc1)OC12CCC(=O)C3Oc4cccc5c4C31CCN(CC1CC1)C2C5,1
52,Cc1cc(C)cc([C@@H]2CCCN2Cc2ccc(Oc3ccc(C(N)=O)cc3F)cc2)c1,c1ccc(Oc2ccc(CN3CCCC3c3ccccc3)cc2)cc1,1
57,CC(C)C1CCC(N2CCC(N3C(=O)N[C@@H]4CCCC[C@H]43)CC2)CC1,O=C1NC2CCCCC2N1C1CCN(C2CCCCC2)CC1,1
61,O=C(C#Cc1ccccc1)N[C@@]12CCC(=O)[C@@H]3Oc4c(O)ccc5c4[C@@]31CCN(CC1CC1)[C@@H]2C5,O=C(C#Cc1ccccc1)NC12CCC(=O)C3Oc4cccc5c4C31CCN(CC1CC1)C2C5,1
65,O=C1N[C@@H]2CCCC[C@H]2N1C1CCN(CC2CCCCCCC2)CC1,O=C1NC2CCCCC2N1C1CCN(CC2CCCCCCC2)CC1,1
69,CN1CC[C@]2(C)C[C@@H](Cc3ccc(O)cc32)C1,c1ccc2c(c1)CC1CNCCC2C1,1
70,O=C(N[C@@]12CCC(=O)[C@@H]3Oc4c(O)ccc5c4[C@@]31CCN(CC1CC1)[C@@H]2C5)c1cccnc1,O=C(NC12CCC(=O)C3Oc4cccc5c4C31CCN(CC1CC1)C2C5)c1cccnc1,1
78,COc1ccc2c3c1O[C@H]1[C@]4(OC)CC[C@@]5(C[C@@H]4CNC(=O)/C=C/c4ccc(C)cc4)[C@@H](C2)N(C)CC[C@]315,O=C(C=Cc1ccccc1)NCC1CC23CCC1C1Oc4cccc5c4C12CCNC3C5,1
84,CCc1cc(F)c2nc(N3CCC(NC4CCOCC4)CC3)c(-c3nc(C)no3)c(C)c2c1,c1ccc2nc(N3CCC(NC4CCOCC4)CC3)c(-c3ncno3)cc2c1,1
85,O=C(N[C@@]12CCC(=O)[C@@H]3Oc4c(O)ccc5c4[C@@]31CCN(CC1CC1)[C@@H]2C5)c1ccncc1,O=C(NC12CCC(=O)C3Oc4cccc5c4C31CCN(CC1CC1)C2C5)c1ccncc1,1
106,CCN1C(=O)N(C2CCN(C3CCC4CCCCC4C3)CC2)[C@@H]2CCCC[C@H]21,O=C1NC2CCCCC2N1C1CCN(C2CCC3CCCCC3C2)CC1,1
111,CCN1C(=O)N(C2CCN(C3CCCCCCC3)CC2)[C@@H]2CCCC[C@H]21,O=C1NC2CCCCC2N1C1CCN(C2CCCCCCC2)CC1,1
125,CN1CC[C@]2(C)c3cc(O)ccc3C[C@H]1C2(C)CCC(=O)CCC1CCCC1,O=C(CCC1CCCC1)CCC1C2Cc3ccccc3C1CCN2,1
135,O=C1N[C@@H]2CCCC[C@H]2N1C1CCN(C2CCC3CCCCC3C2)CC1,O=C1NC2CCCCC2N1C1CCN(C2CCC3CCCCC3C2)CC1,1
138,CC[C@]1(c2cccc(C(N)=O)c2)[C@@H]2CN(CC3(O)Cc4ccccc4C3)C[C@@H]21,c1ccc(C2C3CN(CC4Cc5ccccc5C4)CC32)cc1,1
152,O=C1N[C@@H]2CCCC[C@H]2N1C1CCN(C2CCCCCCC2)CC1,O=C1NC2CCCCC2N1C1CCN(C2CCCCCCC2)CC1,1
158,CCCC1CCC(N2CCC(N3C(=O)N[C@@H]4CCCC[C@H]43)CC2)CC1,O=C1NC2CCCCC2N1C1CCN(C2CCCCC2)CC1,1
160,O=C(N[C@@]12CCC(=O)[C@@H]3Oc4c(O)ccc5c4[C@@]31CCN(CC1CC1)[C@@H]2C5)c1ccccn1,O=C(NC12CCC(=O)C3Oc4cccc5c4C31CCN(CC1CC1)C2C5)c1ccccn1,1
161,CCN1C(=O)N(C2CCN(CC3CCCCCCC3)CC2)[C@@H]2CCCC[C@H]21,O=C1NC2CCCCC2N1C1CCN(CC2CCCCCCC2)CC1,1
162,CC(C)CCC(C)N1CCC(N2C(=O)N[C@@H]3CCCC[C@H]32)CC1,O=C1NC2CCCCC2N1C1CCNCC1,1
165,Fc1cc(-c2cccc(-c3nc[nH]n3)c2)cc(F)c1CNC1Cc2ccccc2C1,c1cc(-c2ccc(CNC3Cc4ccccc4C3)cc2)cc(-c2nc[nH]n2)c1,1
166,Cc1ccc(/C=C/C(=O)N[C@@]23CCC(=O)[C@@H]4Oc5c(O)ccc6c5[C@@]42CCN(C)[C@@H]3C6)cc1,O=C(C=Cc1ccccc1)NC12CCC(=O)C3Oc4cccc5c4C31CCNC2C5,1
172,CCN1C(=O)N(C2CCN(C3CCC(C(C)C)CC3)CC2)[C@@H]2CCCC[C@H]21,O=C1NC2CCCCC2N1C1CCN(C2CCCCC2)CC1,1
188,OCC1(N2CCC(n3c(-c4ccc(F)c(Cl)c4)nc4ccccc43)CC2)CCCCC1,c1ccc(-c2nc3ccccc3n2C2CCN(C3CCCCC3)CC2)cc1,1
197,O=C(O[C@@]12CCC(=O)[C@@H]3Oc4c(O)ccc5c4[C@@]31CCN(CC1CC1)[C@@H]2C5)c1ccccn1,O=C(OC12CCC(=O)C3Oc4cccc5c4C31CCN(CC1CC1)C2C5)c1ccccn1,1
205,CC[C@]1(c2cccc(NS(C)(=O)=O)c2)[C@@H]2CN(CC3(O)Cc4ccccc4C3)C[C@@H]21,c1ccc(C2C3CN(CC4Cc5ccccc5C4)CC32)cc1,1
209,CO[C@@]12CC[C@@]3(C[C@@H]1CNC(=O)/C=C/c1ccc(C)cc1)[C@H]1Cc4ccc(O)c5c4[C@@]3(CCN1C)[C@H]2O5,O=C(C=Cc1ccccc1)NCC1CC23CCC1C1Oc4cccc5c4C12CCNC3C5,1
211,Cc1ccc(CCC(=O)N[C@@]23CCC(=O)[C@@H]4Oc5c(O)ccc6c5[C@@]42CCN(C)[C@@H]3C6)cc1,O=C(CCc1ccccc1)NC12CCC(=O)C3Oc4cccc5c4C31CCNC2C5,1
215,O=C(N[C@@]12CCC(=O)[C@@H]3Oc4c(O)ccc5c4[C@@]31CCN(CC1CC1)[C@@H]2C5)c1cc2ccccc2cn1,O=C(NC12CCC(=O)C3Oc4cccc5c4C31CCN(CC1CC1)C2C5)c1cc2ccccc2cn1,1
222,O=C(/C=C/c1ccccc1)O[C@@]12CCC(=O)[C@@H]3Oc4c(O)ccc5c4[C@@]31CCN(CC1CC1)[C@@H]2C5,O=C(C=Cc1ccccc1)OC12CCC(=O)C3Oc4cccc5c4C31CCN(CC1CC1)C2C5,1
238,CCC[C@@](C)(O)[C@@H]1CC23C=C[C@]1(OC)[C@H]1Oc4c(O)ccc5c4C12CCN(C)C3C5,C1=CC23CCC1C1Oc4cccc5c4C12CCNC3C5,0
239,CCC[C@](C)(O)[C@@H]1CC23C=C[C@]1(OC)[C@H]1Oc4c(O)ccc5c4C12CCN(C)C3C5,C1=CC23CCC1C1Oc4cccc5c4C12CCNC3C5,0
240,CCC[C@@](C)(O)[C@H]1C[C@@]23C=C[C@]1(OC)[C@@H]1Oc4c(O)ccc5c4[C@@]12CCN(C)[C@@H]3C5,C1=CC23CCC1C1Oc4cccc5c4C12CCNC3C5,0
273,CC(c1ccc(Br)cc1)N1CCC(n2c(=O)[nH]c3ccccc32)CC1,O=c1[nH]c2ccccc2n1C1CCN(Cc2ccccc2)CC1,0
294,CCO[C@@H](C)[C@@H]1CC23C=C[C@]1(OC)[C@H]1Oc4c(O)ccc5c4C12CCN(C)C3C5,C1=CC23CCC1C1Oc4cccc5c4C12CCNC3C5,0
295,CCO[C@H](C)[C@@H]1C[C@@]23C=C[C@]1(OC)[C@H]1Oc4c(O)ccc5c4C12CCN(C)[C@@H]3C5,C1=CC23CCC1C1Oc4cccc5c4C12CCNC3C5,0
300,CCCC[C@H](NC(=O)[C@H](CC(=O)O)NC(=O)[C@H](Cc1ccccc1)NN[C@@H](Cc1ccccc1)C(=O)NCC(=O)N[C@H](C)C(=O)N[C@@H](Cc1ccc(O)cc1)C(=O)O)C(=O)N[C@H](Cc1cn(C(=O)OC(C)(C)C)c2ccccc12)C(=O)O,O=C(CNC(=O)CNC(=O)C(Cc1ccccc1)NNC(Cc1ccccc1)C(=O)NCC(=O)NCC(=O)NCCc1c[nH]c2ccccc12)NCCc1ccccc1,0
301,CCCC[C@H](NC(=O)[C@H](CC(=O)O)NC(=O)[C@H](Cc1ccccc1)NN[C@@H](Cc1ccccc1)C(=O)NCC(=O)N[C@H](C)C(=O)N[C@@H](Cc1ccc(O)cc1)C(=O)O)C(=O)N[C@@H](Cc1cn(C(=O)OC(C)(C)C)c2ccccc12)C(=O)O,O=C(CNC(=O)CNC(=O)C(Cc1ccccc1)NNC(Cc1ccccc1)C(=O)NCC(=O)NCC(=O)NCCc1c[nH]c2ccccc12)NCCc1ccccc1,0
304,CO[C@]12C=C[C@@]3(C[C@H]1[C@H](C)OCc1ccccc1)[C@H]1Cc4ccc(O)c5c4C3(CCN1C)[C@@H]2O5,C1=CC23CC(COCc4ccccc4)C1C1Oc4cccc5c4C12CCNC3C5,0
305,CO[C@]12C=C[C@@]3(C[C@H]1[C@@H](C)OCc1ccccc1)[C@H]1Cc4ccc(O)c5c4C3(CCN1C)[C@@H]2O5,C1=CC23CC(COCc4ccccc4)C1C1Oc4cccc5c4C12CCNC3C5,0
308,CO[C@@H](C)[C@@H]1CC23C=C[C@]1(OC)[C@H]1Oc4c(O)ccc5c4C12CCN(C)C3C5,C1=CC23CCC1C1Oc4cccc5c4C12CCNC3C5,0
309,CO[C@H](C)[C@@H]1CC23C=C[C@]1(OC)[C@H]1Oc4c(O)ccc5c4C12CCN(C)C3C5,C1=CC23CCC1C1Oc4cccc5c4C12CCNC3C5,0
323,O=c1[nH]c2cc(Cl)c(Cl)cc2n1[C@H]1CCCN(Cc2ccc(Br)cc2)C1,O=c1[nH]c2ccccc2n1C1CCCN(Cc2ccccc2)C1,0
324,O=c1[nH]c2cc(Cl)c(Cl)cc2n1[C@@H]1CCCN(Cc2ccc(Br)cc2)C1,O=c1[nH]c2ccccc2n1C1CCCN(Cc2ccccc2)C1,0
328,CN1CCC[C@H](c2nc3ccccc3n2C2CCN(C3(C)CCCCCCC3)CC2)C1,c1ccc2c(c1)nc(C1CCCNC1)n2C1CCN(C2CCCCCCC2)CC1,0
329,CN1CCC[C@@H](c2nc3ccccc3n2C2CCN(C3(C)CCCCCCC3)CC2)C1,c1ccc2c(c1)nc(C1CCCNC1)n2C1CCN(C2CCCCCCC2)CC1,0
339,O=c1[nH]c2cc(Cl)c(Cl)cc2n1[C@@H]1CCN(Cc2ccc(Br)cc2)C1,O=c1[nH]c2ccccc2n1C1CCN(Cc2ccccc2)C1,0
340,O=c1[nH]c2cc(Cl)c(Cl)cc2n1[C@H]1CCN(Cc2ccc(Br)cc2)C1,O=c1[nH]c2ccccc2n1C1CCN(Cc2ccccc2)C1,0
343,CC1(N2CCC(n3c([C@@H]4CCCNC4)nc4ccccc43)CC2)CCCCCCC1,c1ccc2c(c1)nc(C1CCCNC1)n2C1CCN(C2CCCCCCC2)CC1,0
344,CC1(N2CCC(n3c([C@H]4CCCNC4)nc4ccccc43)CC2)CCCCCCC1,c1ccc2c(c1)nc(C1CCCNC1)n2C1CCN(C2CCCCCCC2)CC1,0
347,CCN(CC)C(=O)c1ccc(C2=CC3(CCNCC3)Oc3cccc(O)c32)cc1,C1=C(c2ccccc2)c2ccccc2OC12CCNCC2,0
351,CO[C@]12C=CC3(CC14CCC(C)(C)[C@H]4O)C1Cc4ccc(O)c5c4C3(CCN1C)[C@@H]2O5,C1=CC23CC4(CCCC4)C1C1Oc4cccc5c4C12CCNC3C5,0
354,O=c1[nH]c2cc(Cl)c(Cl)cc2n1C1CCCN(Cc2ccc(Br)cc2)CC1,O=c1[nH]c2ccccc2n1C1CCCN(Cc2ccccc2)CC1,0
357,CC[C@@](O)(c1ccccc1)[C@H]1C[C@@]23C=C[C@]1(OC)[C@@H]1Oc4c(O)ccc5c4[C@@]12CCN(CC1CC1)[C@@H]3C5,C1=CC23CC(Cc4ccccc4)C1C1Oc4cccc5c4C12CCN(CC1CC1)C3C5,0
363,CO[C@]12C=CC3(CC14CCC(C)(C)[C@H]4O)C1Cc4ccc(O)c5c4C3(CCN1CC1CC1)[C@@H]2O5,C1=CC23CC4(CCCC4)C1C1Oc4cccc5c4C12CCN(CC1CC1)C3C5,0
366,CCOc1ccc(C(C)N2CCC(n3c(=O)[nH]c4ccccc43)CC2)cc1,O=c1[nH]c2ccccc2n1C1CCN(Cc2ccccc2)CC1,0
371,COC(=O)[C@@H]1C[C@H](OC(=O)c2ccc(OC)cc2)C(=O)[C@H]2[C@@]1(C)CC[C@H]1C(=O)O[C@H](c3ccoc3)C[C@]21C,O=C(OC1CCC2CCC3C(=O)OC(c4ccoc4)CC3C2C1=O)c1ccccc1,0
381,CN1c2ccccc2C(NCCCCCCC(=O)O)c2ccc(Cl)cc2S1(=O)=O,O=S1(=O)Nc2ccccc2Cc2ccccc21,0
388,OCC1(N2CCC(n3c(-c4ccc(Cl)cc4)nc4ccccc43)CC2)CCCCCCC1,c1ccc(-c2nc3ccccc3n2C2CCN(C3CCCCCCC3)CC2)cc1,0
390,CN1CC[C@]23c4c5ccc(O)c4O[C@H]2c2ncc(-c4ccc(Cl)cc4)cc2C[C@@]3(OC(=O)Cc2ccccc2)[C@H]1C5,O=C(Cc1ccccc1)OC12Cc3cc(-c4ccccc4)cnc3C3Oc4cccc5c4C31CCNC2C5,0
393,CN1CC[C@]23c4c5ccc(O)c4O[C@H]2c2ncc(-c4ccc(Cl)cc4)cc2C[C@@]3(OC(=O)CCc2ccccc2)[C@H]1C5,O=C(CCc1ccccc1)OC12Cc3cc(-c4ccccc4)cnc3C3Oc4cccc5c4C31CCNC2C5,0
413,CN1CCN(c2nc3ccccc3n2C2CCN(C3(CO)CCCCCCC3)CC2)CC1,c1ccc2c(c1)nc(N1CCNCC1)n2C1CCN(C2CCCCCCC2)CC1,0
414,CN1CC[C@]23c4c5ccc(O)c4O[C@H]2[C@]2(CC[C@@]3(O)[C@H]1C5)O[C@H]1N3[C@H](OC1(C)C)C(C)(C)O[C@@H]32,c1cc2c3c(c1)OC1C4(CCC5C(C2)NCCC351)OC1COC2COC4N21,0
415,CC1(N2CCC(n3c(-c4ccc(F)c(Cl)c4)nc4ccccc43)CC2)CCCCCCC1,c1ccc(-c2nc3ccccc3n2C2CCN(C3CCCCCCC3)CC2)cc1,0
416,CO[C@@]12Cc3cc(-c4ccc(Cl)cc4)cnc3[C@@H]3Oc4c(O)ccc5c4[C@@]31CCN(C)[C@@H]2C5,c1ccc(-c2cnc3c(c2)CC2C4Cc5cccc6c5C2(CCN4)C3O6)cc1,0
422,O=C(N[C@@]12CCC(=O)[C@@H]3Oc4c(O)ccc5c4[C@@]31CCN(CC1CC1)[C@@H]2C5)c1cnc2ccccc2c1,O=C(NC12CCC(=O)C3Oc4cccc5c4C31CCN(CC1CC1)C2C5)c1cnc2ccccc2c1,0
428,COC1=CC=C2[C@H]3Cc4ccc(OC)c5c4[C@@]2(CCN3C)[C@H]1O5,C1=CC2Oc3cccc4c3C23CCNC(C4)C3=C1,0
430,CN(C(=O)[C@@H]1CCCN1C(=O)[C@@H](N)Cc1ccc(O)cc1)[C@@H](Cc1ccccc1)C(=O)N1CCC[C@@H]1C(N)=O,O=C(NC(Cc1ccccc1)C(=O)N1CCCC1)C1CCCN1C(=O)CCc1ccccc1,0
431,O=C1CCC2(OCCCc3ccccc3)C3Cc4cccc5c4C2(CCN3CC2CC2)C1O5,O=C1CCC2(OCCCc3ccccc3)C3Cc4cccc5c4C2(CCN3CC2CC2)C1O5,0
434,CN1CC[C@]23Cc4c(c5ccccc5n4C)C[C@]2(Cc2ccc(O)cc23)C1,c1ccc2c(c1)CC13CNCCC21Cc1[nH]c2ccccc2c1C3,0
441,O=C1N[C@@H]2CCCC[C@H]2N1C1CCN(CCC(c2ccccc2)c2ccccc2)CC1,O=C1NC2CCCCC2N1C1CCN(CCC(c2ccccc2)c2ccccc2)CC1,0
443,CN(C)C1(CNC(=O)c2ccc(Cl)c(Cl)c2)CCCCC1,O=C(NCC1CCCCC1)c1ccccc1,0
445,COC(=O)[C@@H]1C[C@H](OC(=O)c2ccccc2)C(=O)[C@H]2[C@@]1(C)CC[C@H]1C(=O)O[C@H](c3ccoc3)C[C@]21C,O=C(OC1CCC2CCC3C(=O)OC(c4ccoc4)CC3C2C1=O)c1ccccc1,0
446,COC(=O)[C@@H]1C[C@H](OC(=O)c2ccsc2)C(=O)[C@H]2[C@@]1(C)CC[C@H]1C(=O)O[C@H](c3ccoc3)C[C@]21C,O=C(OC1CCC2CCC3C(=O)OC(c4ccoc4)CC3C2C1=O)c1ccsc1,0
450,O=c1[nH]c2cc(Cl)c(Cl)cc2n1C1CCN(Cc2ccc(Br)cc2)CC1,O=c1[nH]c2ccccc2n1C1CCN(Cc2ccccc2)CC1,0
454,CCn1c(=O)n([C@@H]2CCN3[C@H](CCC[C@H]3c3ccccc3)C2)c2ccccc21,O=c1[nH]c2ccccc2n1C1CCN2C(CCCC2c2ccccc2)C1,0
455,CO[C@]12C=C[C@@]3(C[C@@H]1[C@@](C)(O)CCc1ccccc1)[C@H]1Cc4ccc(O)c5c4[C@@]3(CCN1C)[C@H]2O5,C1=CC23CC(CCCc4ccccc4)C1C1Oc4cccc5c4C12CCNC3C5,0
456,CC(C)Oc1ccc(C(C)N2CCC(n3c(=O)[nH]c4ccccc43)CC2)cc1,O=c1[nH]c2ccccc2n1C1CCN(Cc2ccccc2)CC1,0
459,CC(c1ccc2c(c1)OCO2)N1CCC(n2c(=O)[nH]c3ccccc32)CC1,O=c1[nH]c2ccccc2n1C1CCN(Cc2ccc3c(c2)OCO3)CC1,0
466,O=C(CCc1ccccn1)N[C@@]12CCC(=O)[C@@H]3Oc4c(O)ccc5c4[C@@]31CCN(CC1CC1)[C@@H]2C5,O=C(CCc1ccccn1)NC12CCC(=O)C3Oc4cccc5c4C31CCN(CC1CC1)C2C5,0
470,CCCC[C@H](NC(=O)[C@H](CC(=O)O)NC(=O)[C@H](Cc1ccccc1)NN[C@@H](Cc1ccccc1)C(=O)NCC(=O)N[C@H](C)C(=O)N[C@@H](Cc1ccc(O)cc1)C(=O)O)C(=O)N[C@H](Cc1cn(C(=O)OC23CC4CC(CC(C4)C2)C3)c2ccccc12)C(=O)O,O=C(CNC(=O)CNC(=O)C(Cc1ccccc1)NNC(Cc1ccccc1)C(=O)NCC(=O)NCC(=O)NCCc1cn(C(=O)OC23CC4CC(CC(C4)C2)C3)c2ccccc12)NCCc1ccccc1,0
479,C[C@@H](Cc1ccsc1)NC(=O)NC[C@H](Cc1ccc(O)cc1)N(C)C,O=C(NCCCc1ccccc1)NCCc1ccsc1,0
481,CN(C)[C@@H]1CCCC[C@H]1N(C)C(=O)c1ccc(Cl)c(Cl)c1,O=C(NC1CCCCC1)c1ccccc1,0
489,Oc1nc2ccccc2n1[C@@H]1CCN2[C@H](CCC[C@H]2c2ccccc2)C1,c1ccc(C2CCCC3CC(n4cnc5ccccc54)CCN32)cc1,0
491,CN(C)[C@]1(c2ccccc2)CC[C@@H](NC(=O)NCCCc2ccccc2)CC1,O=C(NCCCc1ccccc1)NC1CCC(c2ccccc2)CC1,0
499,CC(c1ccc(Cl)cc1F)N1CCC(n2c(=O)[nH]c3ccccc32)CC1,O=c1[nH]c2ccccc2n1C1CCN(Cc2ccccc2)CC1,0
507,CCC(COC(=O)c1cc(OC)c(OC)c(OC)c1)(c1ccccc1)N(C)C,O=C(OCCc1ccccc1)c1ccccc1,0
509,COC(=O)[C@@H]1C[C@H](OC(=O)c2ccc([N+](=O)[O-])cc2)C(=O)[C@H]2[C@@]1(C)CC[C@H]1C(=O)O[C@H](c3ccoc3)C[C@]21C,O=C(OC1CCC2CCC3C(=O)OC(c4ccoc4)CC3C2C1=O)c1ccccc1,0
514,CO[C@@]12CCC[C@@H]3Oc4c(O)ccc5c4[C@@]31CCN(C)[C@@H]2C5,c1cc2c3c(c1)OC1CCCC4C(C2)NCCC314,0
517,CN1CC[C@]23c4c5ccc(O)c4O[C@H]2CCC[C@@]3(OCc2ccccc2)[C@H]1C5,c1ccc(COC23CCCC4Oc5cccc6c5C42CCNC3C6)cc1,0
520,C=CCN1C[C@H](C)N([C@H](c2ccc(C(=O)N(CC)CC)cc2)c2cccc(O)c2)C[C@H]1C,c1ccc(C(c2ccccc2)N2CCNCC2)cc1,0
523,O=C(O[C@@]12CCC(=O)[C@@H]3Oc4c(O)ccc5c4[C@@]31CCN(CC1CC1)[C@@H]2C5)c1cnc2ccccc2c1,O=C(OC12CCC(=O)C3Oc4cccc5c4C31CCN(CC1CC1)C2C5)c1cnc2ccccc2c1,0
524,CCCC[C@@H](C(=O)N[C@H](Cc1cn(C(=O)OC(C)(C)C)c2ccccc12)C(=O)O)N(C)C(=O)[C@H](CC(=O)O)NC(=O)[C@H](Cc1ccccc1)NN[C@@H](Cc1ccccc1)C(=O)NCC(=O)N[C@H](C)C(=O)N[C@@H](Cc1ccc(O)cc1)C(=O)O,O=C(CNC(=O)CNC(=O)C(Cc1ccccc1)NNC(Cc1ccccc1)C(=O)NCC(=O)NCC(=O)NCCc1c[nH]c2ccccc12)NCCc1ccccc1,0
534,CN(C(=O)Cc1ccc(Cl)c(Cl)c1)[C@H](CN1CCCC1)c1ccccc1,O=C(Cc1ccccc1)NC(CN1CCCC1)c1ccccc1,0
538,COc1ccc(C(C)N2CCC(n3c(=O)[nH]c4ccccc43)CC2)cc1,O=c1[nH]c2ccccc2n1C1CCN(Cc2ccccc2)CC1,0
542,O=C(CNC(=O)c1ccccn1)N[C@@]12CCC(=O)[C@@H]3Oc4c(O)ccc5c4[C@@]31CCN(CC1CC1)[C@@H]2C5,O=C(CNC(=O)c1ccccn1)NC12CCC(=O)C3Oc4cccc5c4C31CCN(CC1CC1)C2C5,0
549,CC(c1ccc2c(c1)OCCO2)N1CCC(n2c(=O)[nH]c3ccccc32)CC1,O=c1[nH]c2ccccc2n1C1CCN(Cc2ccc3c(c2)OCCO3)CC1,0
569,O=C(N[C@@]12CCC(=O)[C@@H]3Oc4c(O)ccc5c4[C@@]31CCN(CC1CC1)[C@@H]2C5)c1ccc2ccccc2c1,O=C(NC12CCC(=O)C3Oc4cccc5c4C31CCN(CC1CC1)C2C5)c1ccc2ccccc2c1,0
587,CC[C@](O)([C@H]1C[C@@]23C=C[C@]1(OC)[C@@H]1Oc4c(O)ccc5c4[C@@]12CCN(CC1CC1)[C@@H]3C5)C(C)(C)C,C1=CC23CCC1C1Oc4cccc5c4C12CCN(CC1CC1)C3C5,0
598,CC1(N2CCC(n3c(-c4cccc(S(C)(=O)=O)c4)nc4ccccc43)CC2)CCCCCCC1,c1ccc(-c2nc3ccccc3n2C2CCN(C3CCCCCCC3)CC2)cc1,0
599,CO[C@]12C=CC3(CC14CCC[C@H]4O)C1Cc4ccc(O)c5c4C3(CCN1CC1CC1)[C@@H]2O5,C1=CC23CC4(CCCC4)C1C1Oc4cccc5c4C12CCN(CC1CC1)C3C5,0
608,CCN1C(=O)N(C2CCN(Cc3ccccc3)CC2)[C@@H]2CCCC[C@H]21,O=C1NC2CCCCC2N1C1CCN(Cc2ccccc2)CC1,0
618,CNC(=O)Oc1ccc2c(c1)C13CCCCC1C(C2)N(C)CC3,c1ccc2c(c1)CC1NCCC23CCCCC13,0
619,CC(c1ccc(OC(F)(F)F)cc1)N1CCC(n2c(=O)[nH]c3ccccc32)CC1,O=c1[nH]c2ccccc2n1C1CCN(Cc2ccccc2)CC1,0
622,COC(=O)[C@@H]1C[C@H](OC(=O)c2cc3ccccc3o2)C(=O)[C@H]2[C@@]1(C)CC[C@H]1C(=O)O[C@H](c3ccoc3)C[C@]21C,O=C(OC1CCC2CCC3C(=O)OC(c4ccoc4)CC3C2C1=O)c1cc2ccccc2o1,0
633,CN1CC[C@]23c4c5ccc(O)c4O[C@H]2c2ncc(-c4ccc(Cl)cc4)cc2C[C@@]3(OC/C=C/c2ccccc2)[C@H]1C5,C(=Cc1ccccc1)COC12Cc3cc(-c4ccccc4)cnc3C3Oc4cccc5c4C31CCNC2C5,0
634,CO[C@@]12CCC(=O)[C@@H]3Oc4c(O)ccc5c4[C@@]31CCN(C)[C@@H]2C5,O=C1CCC2C3Cc4cccc5c4C2(CCN3)C1O5,0
639,C[C@@]1(c2ccccc2O)O[C@@H]2N3[C@H](CO[C@H]31)O[C@]2(C)c1ccccc1O,c1ccc(C2OC3C(c4ccccc4)OC4COC2N43)cc1,0
640,CCCCCC(=O)CCC1(C)[C@@H]2Cc3ccc(O)cc3[C@@]1(C)CCN2C,c1ccc2c(c1)CC1CC2CCN1,0
643,COC(=O)[C@@H]1C[C@H](NC(=O)c2ccccc2)C(=O)[C@H]2[C@@]1(C)CC[C@H]1C(=O)O[C@H](c3ccoc3)C[C@]21C,O=C(NC1CCC2CCC3C(=O)OC(c4ccoc4)CC3C2C1=O)c1ccccc1,0
658,CC(c1ccccc1Cl)N1CCC(n2c(O)nc3ccccc32)CC1,c1ccc(CN2CCC(n3cnc4ccccc43)CC2)cc1,0
666,CC1(N2CCC(n3c(-c4ccc5cc[nH]c5c4)nc4ccccc43)CC2)CCCCCCC1,c1ccc2c(c1)nc(-c1ccc3cc[nH]c3c1)n2C1CCN(C2CCCCCCC2)CC1,0
667,CC1(N2CCC(n3c(-c4cccc(C(F)(F)F)c4)nc4ccccc43)CC2)CCCCCCC1,c1ccc(-c2nc3ccccc3n2C2CCN(C3CCCCCCC3)CC2)cc1,0
676,COC(=O)[C@@H]1C[C@H](OC(=O)c2cccc(OC)c2)C(=O)[C@H]2[C@@]1(C)CC[C@H]1C(=O)O[C@H](c3ccoc3)C[C@]21C,O=C(OC1CCC2CCC3C(=O)OC(c4ccoc4)CC3C2C1=O)c1ccccc1,0
693,CCOc1ccc(Cc2nc3cc([N+](=O)[O-])ccc3n2CCN(CC)CC)cc1,c1ccc(Cc2nc3ccccc3[nH]2)cc1,0
696,NC(=O)[C@H](Cc1ccccc1)NC(=O)CN1Cc2ccccc2C[C@]2(CCCN2C(=O)[C@@H](N)Cc2ccc(O)cc2)C1=O,O=C(CN1Cc2ccccc2CC2(CCCN2C(=O)CCc2ccccc2)C1=O)NCCc1ccccc1,0
700,C[C@H](CN1CCOCC1)C(C(=O)N1CCCC1)(c1ccccc1)c1ccccc1,O=C(N1CCCC1)C(CCN1CCOCC1)(c1ccccc1)c1ccccc1,0
704,CC1(N2CCC(n3c(-c4cccc(CN)c4)nc4ccccc43)CC2)CCCCCCC1,c1ccc(-c2nc3ccccc3n2C2CCN(C3CCCCCCC3)CC2)cc1,0
726,CCNC(=O)c1ccc(/C(=C2\C[C@H]3CC[C@@H](C2)N3CCc2ccccc2)c2ccccc2)cc1,c1ccc(CCN2C3CCC2CC(=C(c2ccccc2)c2ccccc2)C3)cc1,0
730,OCC1(N2CCC(n3c(N4CC5CNCC5C4)nc4ccccc43)CC2)CCCCCCC1,c1ccc2c(c1)nc(N1CC3CNCC3C1)n2C1CCN(C2CCCCCCC2)CC1,0
733,COC(=O)[C@@H]1C[C@H](OC(=O)c2cccs2)C(=O)[C@H]2[C@@]1(C)CC[C@H]1C(=O)O[C@H](c3ccoc3)C[C@]21C,O=C(OC1CCC2CCC3C(=O)OC(c4ccoc4)CC3C2C1=O)c1cccs1,0
736,CC(c1ccccc1)N1CCC(n2c(=O)[nH]c3ccccc32)CC1,O=c1[nH]c2ccccc2n1C1CCN(Cc2ccccc2)CC1,0
739,CC1CN(c2nc3ccccc3n2C2CCN(C3(CO)CCCCCCC3)CC2)CCN1,c1ccc2c(c1)nc(N1CCNCC1)n2C1CCN(C2CCCCCCC2)CC1,0
746,COC(=O)[C@@H]1C[C@H](OC(C)=O)C(=O)[C@H]2[C@@]1(C)CC[C@H]1C(=O)O[C@H](c3ccoc3)C[C@]21C,O=C1OC(c2ccoc2)CC2C1CCC1CCCC(=O)C12,0
748,CN1CC[C@]23c4c5ccc(O)c4O[C@@]2(C)C(=O)CC[C@H]3[C@H]1C5,O=C1CCC2C3Cc4cccc5c4C2(CCN3)C1O5,0
752,CN1CC[C@]23CC(=O)CC[C@H]2[C@H]1Cc1ccc(C(N)=O)c(O)c13,O=C1CCC2C3Cc4ccccc4C2(CCN3)C1,0
759,COC(=O)[C@@H]1C[C@H](OC(=O)c2ccc(Br)cc2)C(=O)[C@H]2[C@@]1(C)CC[C@H]1C(=O)O[C@H](c3ccoc3)C[C@]21C,O=C(OC1CCC2CCC3C(=O)OC(c4ccoc4)CC3C2C1=O)c1ccccc1,0
772,CN1CC[C@]23c4c5ccc(O)c4O[C@H]2c2ncc(-c4ccc(Cl)cc4)cc2C[C@@]3(OC(=O)c2ccccc2)[C@H]1C5,O=C(OC12Cc3cc(-c4ccccc4)cnc3C3Oc4cccc5c4C31CCNC2C5)c1ccccc1,0
791,O=C(N[C@@]12CCC(=O)[C@@H]3Oc4c(O)ccc5c4[C@@]31CCN(CC1CC1)[C@@H]2C5)c1ccc2ccccc2n1,O=C(NC12CCC(=O)C3Oc4cccc5c4C31CCN(CC1CC1)C2C5)c1ccc2ccccc2n1,0
793,O=c1[nH]c2cc(Cl)c(Cl)cc2n1C1CCN(Cc2ccc(Cl)cc2)CC1,O=c1[nH]c2ccccc2n1C1CCN(Cc2ccccc2)CC1,0
795,OCC1(N2CCC(n3c(-c4ccc(F)c(Cl)c4)nc4ccccc43)CC2)CCCCCCC1,c1ccc(-c2nc3ccccc3n2C2CCN(C3CCCCCCC3)CC2)cc1,0
796,COC(=O)[C@@H]1C[C@H](OC(=O)Nc2ccccc2)C(=O)[C@H]2[C@@]1(C)CC[C@H]1C(=O)O[C@H](c3ccoc3)C[C@]21C,O=C(Nc1ccccc1)OC1CCC2CCC3C(=O)OC(c4ccoc4)CC3C2C1=O,0
800,CC1CN(c2nc3ccccc3n2C2CCN(C3(C)CCCCCCC3)CC2)CC(C)N1,c1ccc2c(c1)nc(N1CCNCC1)n2C1CCN(C2CCCCCCC2)CC1,0
813,CC(c1ccc(F)cc1)N1CCC(n2c(=O)[nH]c3ccccc32)CC1,O=c1[nH]c2ccccc2n1C1CCN(Cc2ccccc2)CC1,0
817,CO[C@@]12CCC(=O)[C@]3(C)Oc4c(O)ccc5c4[C@@]31CCN(C)[C@@H]2C5,O=C1CCC2C3Cc4cccc5c4C2(CCN3)C1O5,0
823,CCCC[C@H](NC(=O)[C@H](CC(=O)O)NC(=O)[C@H](Cc1ccccc1)NN[C@@H](Cc1ccccc1)C(=O)NCC(=O)N[C@H](C)C(=O)N[C@@H](Cc1ccc(O)cc1)C(=O)O)C(=O)N[C@@H](Cc1cn(C(C)=O)c2ccccc12)C(=O)O,O=C(CNC(=O)CNC(=O)C(Cc1ccccc1)NNC(Cc1ccccc1)C(=O)NCC(=O)NCC(=O)NCCc1c[nH]c2ccccc12)NCCc1ccccc1,0
831,CN(C(=O)Cc1ccc(Cl)c(Cl)c1)[C@@H]1CCCC[C@H]1N1CCCC1,O=C(Cc1ccccc1)NC1CCCCC1N1CCCC1,0
832,CCCC[C@H](NC(=O)[C@H](CC(=O)O)NC(=O)[C@H](Cc1ccccc1)NN[C@@H](Cc1ccccc1)C(=O)NCC(=O)N[C@H](C)C(=O)N[C@@H](Cc1ccc(O)cc1)C(=O)O)C(=O)N[C@H](Cc1c[nH]c2ccccc12)C(=O)O,O=C(CNC(=O)CNC(=O)C(Cc1ccccc1)NNC(Cc1ccccc1)C(=O)NCC(=O)NCC(=O)NCCc1c[nH]c2ccccc12)NCCc1ccccc1,0
840,CN1CC[C@]23c4c5ccc(O)c4O[C@H]2[C@@]24CC[C@@]3(C[C@H]2C(C)(C)C(C)(C)O4)C1C5,c1cc2c3c(c1)OC1C45CCC6(CC4CCO5)C(C2)NCCC316,0
848,CN1CC[C@]23c4c5ccc(O)c4O[C@H]2c2ncc(-c4ccc(Cl)cc4)cc2C[C@@]3(OCc2ccccc2)[C@H]1C5,c1ccc(COC23Cc4cc(-c5ccccc5)cnc4C4Oc5cccc6c5C42CCNC3C6)cc1,0
852,CO[C@@]12CCC[C@]3(C)Oc4c(O)ccc5c4[C@@]31CCN(C)[C@@H]2C5,c1cc2c3c(c1)OC1CCCC4C(C2)NCCC314,0
856,CCC(c1ccc(Cl)cc1)N1CCC(n2c(=O)[nH]c3ccccc32)CC1,O=c1[nH]c2ccccc2n1C1CCN(Cc2ccccc2)CC1,0
862,CCN(CC)C(=O)c1ccc(C2=CC3(CCNCC3)Oc3ccccc32)c(O)c1,C1=C(c2ccccc2)c2ccccc2OC12CCNCC2,0
864,O=C(Cc1ccccn1)NC12CCC(=O)C3Oc4c(O)ccc5c4C31CCN(CC1CC1)C2C5,O=C(Cc1ccccn1)NC12CCC(=O)C3Oc4cccc5c4C31CCN(CC1CC1)C2C5,0
868,CCN1C(=O)N(C2CCN(C(C)CCC(C)C)CC2)[C@@H]2CCCC[C@H]21,O=C1NC2CCCCC2N1C1CCNCC1,0
882,COc1ccc(CN(C(=O)[C@@H](N)Cc2c(C)cc(C(N)=O)cc2C)[C@@H](C)c2nc(-c3ccccc3)c[nH]2)cc1C(=O)O,O=C(CCc1ccccc1)N(Cc1ccccc1)Cc1nc(-c2ccccc2)c[nH]1,0
883,CN1CC[C@]23c4c5ccc(O)c4O[C@H]2C(=O)CC[C@@]3(OCc2ccccc2)[C@H]1C5,O=C1CCC2(OCc3ccccc3)C3Cc4cccc5c4C2(CCN3)C1O5,0
898,C=C1C[C@H](C)[C@H]2[C@H]3Cc4ccc(O)cc4[C@@]2(CCN3CC2CCC2)C1,C=C1CCC2C3Cc4ccccc4C2(CCN3CC2CCC2)C1,0
904,CCCC[C@H](NC(=O)[C@H](CC(=O)O)NC(=O)[C@H](Cc1ccccc1)N(C)N[C@@H](Cc1ccccc1)C(=O)NCC(=O)N[C@H](C)C(=O)N[C@@H](Cc1ccc(O)cc1)C(=O)O)C(=O)N[C@@H](Cc1cn(C(C)=O)c2ccccc12)C(=O)O,O=C(CNC(=O)CNC(=O)C(Cc1ccccc1)NNC(Cc1ccccc1)C(=O)NCC(=O)NCC(=O)NCCc1c[nH]c2ccccc12)NCCc1ccccc1,0
906,CO[C@]12C=C[C@]34C[C@@]1(C)[C@@H](c1ccccc1)N[C@H]2[C@@]31CCN(C)[C@@H]4Cc2ccc(O)cc21,C1=CC23CC4C(c5ccccc5)NC(C14)C21CCNC3Cc2ccccc21,0
908,CC(c1ccc(Cl)cc1)N1CCC(n2c(=O)[nH]c3ccccc32)CC1,O=c1[nH]c2ccccc2n1C1CCN(Cc2ccccc2)CC1,0
909,CO[C@]12C=CC3(CC14CCC[C@H]4O)C1Cc4ccc(O)c5c4C3(CCN1C)[C@@H]2O5,C1=CC23CC4(CCCC4)C1C1Oc4cccc5c4C12CCNC3C5,0
919,CCCC[C@H](NC(=O)[C@H](CC(=O)O)NC(=O)[C@H](Cc1ccccc1)NN[C@@H](Cc1ccccc1)C(=O)NCC(=O)N[C@H](C)C(=O)N[C@@H](Cc1ccc(O)cc1)C(=O)O)C(=O)N[C@H](Cc1cn(C(=O)OC2C3CC4CC(C3)CC2C4)c2ccccc12)C(=O)O,O=C(CNC(=O)CNC(=O)C(Cc1ccccc1)NNC(Cc1ccccc1)C(=O)NCC(=O)NCC(=O)NCCc1cn(C(=O)OC2C3CC4CC(C3)CC2C4)c2ccccc12)NCCc1ccccc1,0
922,COCCOCCOCCOCCOCCOCCO[C@H]1CCC2(O)[C@H]3Cc4ccc(OC)c5c4[C@@]2(CCN3C)[C@H]1O5,c1cc2c3c(c1)OC1CCCC4C(C2)NCCC314,0
926,CC(c1ccc(Br)cc1F)N1CCC(n2c(=O)[nH]c3ccccc32)CC1,O=c1[nH]c2ccccc2n1C1CCN(Cc2ccccc2)CC1,0
930,CC1(N2CCC(n3c(-c4cc5ccccc5o4)nc4ccccc43)CC2)CCCCCCC1,c1ccc2oc(-c3nc4ccccc4n3C3CCN(C4CCCCCCC4)CC3)cc2c1,0
934,CCCC[C@@H](C(=O)N[C@@H](Cc1cn(C(C)=O)c2ccccc12)C(=O)O)N(C(=O)Nc1ccccc1Cl)C(=O)[C@H](CC(=O)O)NC(=O)[C@H](Cc1ccccc1)N(C)N[C@@H](Cc1ccccc1)C(=O)NCC(=O)N[C@H](C)C(=O)N[C@@H](Cc1ccc(O)cc1)C(=O)O,O=C(CNC(=O)CNC(=O)C(Cc1ccccc1)NNC(Cc1ccccc1)C(=O)NCC(=O)N(CC(=O)NCCc1c[nH]c2ccccc12)C(=O)Nc1ccccc1)NCCc1ccccc1,0
936,COC(=O)[C@@H]1C[C@H](OC(=O)c2cccnc2)C(=O)[C@H]2[C@@]1(C)CC[C@H]1C(=O)O[C@H](c3ccoc3)C[C@]21C,O=C(OC1CCC2CCC3C(=O)OC(c4ccoc4)CC3C2C1=O)c1cccnc1,0
958,CC1(N2CCC(n3c(-c4cccc(OCCO)c4)nc4ccccc43)CC2)CCCCCCC1,c1ccc(-c2nc3ccccc3n2C2CCN(C3CCCCCCC3)CC2)cc1,0
959,CO[C@]12C=C[C@@]3(C[C@@H]1[C@H](O)c1ccccc1)[C@H]1Cc4ccc(O)c5c4[C@@]3(CCN1CC1CC1)[C@H]2O5,C1=CC23CC(Cc4ccccc4)C1C1Oc4cccc5c4C12CCN(CC1CC1)C3C5,0
973,C[C@@]12CCCCC[C@@H](Cc3ccc(O)cc31)[C@@H]2N,c1ccc2c(c1)CC1CCCCCC2C1,0
980,CCN(CC)C(=O)c1ccc(C(=C2CCNCC2)c2ccccc2)cc1,c1ccc(C(=C2CCNCC2)c2ccccc2)cc1,0
